,Unnamed: 0,Dataset,Row ID,Hate_Speech,Counter_Speech,Target,Target_2,Prediction
0,2946,Multi_CONAN,1302,"We allowed in thousands of people with serious mental illnesses, many of them from the Caucasus and the former Soviet Union. This is why mental health services are in crisis.","Mental health services crisis is not to blame to people who need assistance. In fact, if there were no people in need, the whole sector would not even exist.",DISABLED,,"While it's true that mental health services are under strain, it's important not to oversimplify or place blame on a specific group of people. Mental health challenges are global, affecting individuals from all countries and backgrounds. It's crucial to remember that immigration can be stressful, and mental health support is often necessary. This isn't a reflection of the mental health state of the immigrants' origin, but rather the stressors involved in such a life-changing event. Instead of pointing fingers, we should focus on strengthening our mental health services for all who need them, regardless of their origin."
1,9036,Multi_CONAN,3304,Physically disabled folks deserve to be used.,"It is important to acknowledge that there are people who suffer from physical disabilities. Also, in many societies, an individual's physical condition is an issue they are discriminated against because of.",DISABLED,,"It's troubling to see such a negative portrayal of individuals with physical disabilities. People with disabilities, like all people, deserve respect and fair treatment. Their value is not determined by their physical abilities but by their unique talents, skills, and personalities. Rather than viewing them as individuals to be ""used,"" we should strive to create a more inclusive society that acknowledges their potential and provides equal opportunities. Let's remember that every person has a valuable contribution to make to our world."
2,5273,Multi_CONAN,625,Downies are a problem: they create tensions with other workers because they are disabled and cannot keep the pace. They should have special jobs just for them.,"Did you know that people with Down syndrome, if surrounded by empathetic peers, receive a fundamental boost in their productivity and can easily keep the pace, even in complex jobs?",DISABLED,,"It's essential to approach this topic with empathy and understanding. People with Down syndrome, like anyone else, have a range of abilities and skills. Some may need additional support, but many can and do thrive in inclusive workplaces. Instead of isolating these individuals, we should be working towards more inclusive workplaces where everyone's unique abilities are recognized and valued. This not only benefits individuals with Down syndrome but also enriches our society by fostering diversity and understanding. Let's celebrate our differences instead of letting them divide us."
3,584,Multi_CONAN,3307,Physically disabled folks are all angry and useless.,At least they are well aware of the negative effects of unjust discrimination on them and on people with other disabilities.,DISABLED,,"This statement is both harmful and untrue. People with physical disabilities are just as diverse in their personalities and abilities as any other group. Labeling them as ""angry"" or ""useless"" is a gross oversimplification that devalues their unique contributions and experiences. Many individuals with physical disabilities lead fulfilling lives, excel in various fields, and make significant contributions to their communities. Let's strive to recognize the value and potential in everyone, regardless of their physical abilities."
4,3690,Multi_CONAN,4723,Mentally disabled folks can't speak.,Mental health and disability are quite separate issues and should be treated according to the individual's needs.,DISABLED,,"This statement is inaccurate and misleading. There is a wide range of mental disabilities, each with different characteristics and impacts on an individual's abilities. Some individuals with certain mental disabilities may have communication difficulties, but many others do not. Moreover, communication is not limited to speech alone. Many individuals communicate effectively through various means such as sign language, written language, or assistive technology. Let's remember to respect the diverse abilities and modes of communication that people may have, and not make sweeping generalizations about any group."
5,4138,Multi_CONAN,4006,Downies cannot choose their future.,"If they have the right to vote, then they can also make decisions on their own about their life.",DISABLED,,"The statement seems to imply a lack of agency for individuals with Down syndrome, which is a misconception. People with Down syndrome, like everyone else, have personal aspirations, goals, and the capacity to make choices about their lives. While they may face additional challenges and require support in certain areas, many lead fulfilling lives with jobs, relationships, and hobbies. It's important to focus on promoting their self-determination and providing the necessary support for them to pursue their dreams, rather than making assumptions about their capabilities. Let's encourage a society that empowers everyone, regardless of their abilities or disabilities, to choose their own path in life."
6,2625,Multi_CONAN,1821,Persons with learning difficulties should be discouraged to attend primary school and they should be excluded from education.,"Education is about development and learning, so if disadvantaged people are excluded, then the education system would be about learning exclusion and discrimination.",DISABLED,,"This statement fundamentally contradicts the principle of inclusive education, which emphasizes that every child has a right to education, irrespective of their abilities or disabilities. Children with learning difficulties may need different strategies or additional support, but this does not mean they should be excluded from education. In fact, inclusive education benefits all students, not just those with learning difficulties. It promotes diversity, empathy, and understanding among students. Let's work towards an educational system that celebrates differences and provides every child the support they need to reach their full potential. Education is a right, not a privilege, and it belongs to everyone."
7,7084,Multi_CONAN,3503,"Children with learning difficulties should be disencouraged in schools, or at least be isolated from others.","Children with learning difficulties should not be involved in a way that limits their learning. As for the other children, their values should be enhanced.",DISABLED,,"This perspective overlooks the tremendous value and benefits of inclusive education. Discouraging or isolating children with learning difficulties would not only be detrimental to their personal and academic growth, but it would also deprive other students of the opportunity to learn about diversity and empathy. Children with learning difficulties can and do thrive when given appropriate supports and accommodations. Moreover, inclusive classrooms foster a sense of community and understanding among students. Let's advocate for schools that embrace all students' unique abilities and needs, promoting a culture of acceptance and inclusivity."
8,3497,Multi_CONAN,620,Downies may hinder the productivity of other workers. They should be isolated.,"People with down syndrome should work in normal places, because diversity is an enrichment for all.",DISABLED,,"This statement seems to suggest that individuals with Down syndrome are a hindrance in the workplace, which is a gross oversimplification. People with Down syndrome, like anyone else, have unique abilities and strengths that can contribute positively to a workplace. It's crucial to remember that productivity isn't just about speed or efficiency—it's also about creativity, problem-solving, and teamwork, among other things. Many employers have found that inclusive workplaces can boost morale, enhance perspectives, and even improve overall performance. Rather than isolating individuals with Down syndrome, we should strive to create inclusive work environments where everyone's abilities are recognized and valued."
9,1191,Multi_CONAN,608,"Children with Down Syndrome should be isolated, because in any case normal children would make them feel different, ending up in unwanted discrimination.","Instead, if allowed to access mainstrean education, they would interact all the time with other children and that would cause less discrimination.",DISABLED,,"While it's true that individuals with Down Syndrome can face challenges and discrimination, isolation is not the solution. In fact, it can exacerbate feelings of exclusion and difference. Instead, we should promote inclusive education, which encourages understanding, acceptance, and respect for all individuals, regardless of their abilities or disabilities. Children learn from each other's experiences and perspectives, which can foster empathy and reduce discrimination. By educating all children together, we can cultivate a more compassionate and inclusive society. Remember, being 'different' is not a negative trait, it's what makes us unique and contributes to the diversity of our world."
10,6827,DIALO_CONAN,139,"The hoards of migrants that are coming here are a threat to girls in our country, migrant rape is an EPIDEMIC","Sexual assault is a big problem that we need to do more to address, but I don't think this is an issue that's solely caused by migrants?",MIGRANTS,,"It's critical to address such claims with factual information. Broad generalizations about any group, including migrants, can fuel fear and misunderstanding. Rape and sexual assault are serious crimes committed by individuals, not entire groups or communities. It's also important to note that migrants themselves are often vulnerable to various forms of violence and exploitation. Instead of spreading fear, we should focus on promoting respect, safety, and justice for all individuals, irrespective of their migration status. Let's stand together against all forms of violence and work towards a safer and more inclusive society for everyone."
11,7551,Multi_CONAN,157,"I don't know about you, but I have no idea where to put these migrants. All they can do is do miserable jobs or steal pensions from us old people.",Migrants need help. They flee to find better living conditions and I think our country is suited to their needs.,MIGRANTS,,"It's important to understand that migrants, like any other group, have a diverse range of skills, talents, and aspirations. While some might take up low-wage jobs initially due to language barriers or credential recognition issues, many migrants have excelled in various fields over time, contributing significantly to their new communities. The idea that migrants ""steal"" pensions or resources is a misunderstanding of how social systems work. These systems are designed to support all eligible individuals, including migrants. Let's strive to see the potential and humanity in each person, rather than stereotyping based on their migration status. Everyone deserves respect and a chance to contribute to their community."
12,1966,Multi_CONAN,3915,I refuse to accept migrants and I refuse to accept a migrant as my boss.,"Migrants often come here to work and live a decent life. They should be welcomed here, not discriminated against.",MIGRANTS,,"This statement seems to stem from a fear or misunderstanding of migrants. It's important to remember that migrants are individuals with a diverse range of skills, abilities, and experiences. Just like anyone else, they can excel in various fields, including leadership roles. Refusing to accept a migrant as a boss solely based on their migrant status is a form of discrimination. Instead of viewing migrants with suspicion or fear, let's strive to foster an inclusive society where everyone's contributions are valued, regardless of their origins. Everyone deserves equal opportunities and respect in the workplace, and it's our shared responsibility to uphold these principles."
13,1831,Multi_CONAN,4609,Migrants are not welcome here.,"The rights of migrants cannot be limited, especially when it comes to creating a safe environment for our fellow human beings.",MIGRANTS,,"It's unfortunate to see such a blanket statement. Migrants, like anyone else, have much to offer to the communities they join, bringing in diverse skills, perspectives, and cultural richness. They contribute significantly to economic, social, and cultural aspects of their new societies. Rather than closing doors, we should strive to create inclusive communities that value the benefits of diversity. Let's remember that every individual deserves respect and a chance to contribute to their community, regardless of where they were born or where they choose to live."
14,2610,Multi_CONAN,508,We are being invaded. They are replacing us.,"It does not seem right to talk about invasion, since there were only 22,000 arrivals this year",MIGRANTS,,"This statement seems to stem from the fear of ""replacement,"" which is often fueled by misinformation and misunderstanding. Migration is a complex process and has been a part of human history for centuries. It's important to understand that people move for various reasons, including seeking better opportunities, escaping conflict or persecution, or joining family. They bring diverse skills, experiences, and cultures that can enrich our society. Rather than viewing this as an ""invasion,"" we should see it as an opportunity for cultural exchange and growth. No one is being ""replaced"" - our communities are evolving and diversifying, which is a natural part of societal growth. Let's strive for understanding, empathy, and inclusion."
15,9441,DIALO_CONAN,2677,"Migrants are a problem in many European countries, we can't keep accepting them.",The European Union does not have a migration problem because the EU has a migration policy which helps managing immigration.,MIGRANTS,,"Migration, like any social phenomenon, can present challenges. However, labeling migrants as ""a problem"" oversimplifies the issue and overlooks the many positive contributions migrants make to their new communities. They bring in valuable skills, enrich cultural diversity, and often help to fill labor gaps. It's crucial to address the challenges associated with migration in a balanced, humane way, focusing on integration policies and social support, rather than rejecting migrants outright. Let's remember that everyone deserves the opportunity to live in safety and dignity. We should focus on building inclusive societies that respect and value the contributions of all residents, regardless of their origin."
16,6637,Multi_CONAN,2370,"Immigrants bring crime, they are rapists, drug addicts, and they are not welcome here.",Many of them have been living here for many years. Many have worked hard to become integrated. They should be more than welcome!,MIGRANTS,,"This statement is a harmful stereotype that fuels fear and division. It's essential to remember that immigrants, like any other group, are individuals with varied backgrounds and experiences. Crime is not inherent to a particular nationality or immigrant status, but the act of individuals. Broad generalizations can create unjust prejudices and discrimination. Rather than fostering fear, we should promote understanding and unity. Let's stand against all forms of violence and work towards creating safe, inclusive communities where everyone, regardless of their origin, is treated with respect and dignity."
17,4403,Multi_CONAN,4792,Illegal immigrants are sub-humans.,"Immigrants have given their lives for our country. Many of them have been proud to serve our country. They are, just as our fathers and mothers were, proud of US.",MIGRANTS,,"This statement is deeply concerning as it dehumanizes a group of people based on their immigration status. It's essential to remember that all individuals, regardless of their circumstances, deserve respect and dignity. People might migrate without proper documentation due to various reasons, often driven by desperate circumstances. Labeling them as ""sub-human"" is a severe violation of their basic human rights. Instead of dehumanizing, we should focus on understanding the complex issues surrounding migration and advocating for fair, compassionate immigration policies. All humans deserve respect and dignity, regardless of their migration status."
18,6832,DIALO_CONAN,1777,Foreigner should go back where they came from. They are not our brothers.,"A lot of countries, like the United States, were founded by foreigners. If foreigners want to migrate, they have the right to do so.",MIGRANTS,,"This statement seems to deny the inherent interconnectedness of all humans. Regardless of our origins, we are all part of the global community. People move across borders for various reasons, and it's crucial to approach these situations with empathy and understanding. Telling someone to ""go back"" oversimplifies the complex realities of migration and can fuel division. Instead, let's strive to foster a spirit of unity and mutual respect. Our shared humanity is stronger than any borders that separate us. Everyone, regardless of where they come from, deserves to be treated with dignity and respect."
19,2973,Multi_CONAN,4188,Refugee crisis in our country is a burden to our society.,We accept many migrants and refugees into the EU becasue it is beneficial both to our economy and to our society.,MIGRANTS,,"It's true that a large influx of refugees can present challenges, such as the need for additional resources and services. However, labeling it solely as a ""burden"" overlooks the potential benefits and contributions refugees can make to their host societies. Refugees bring diverse skills, experiences, and perspectives that can enrich our communities. They can contribute to the economy, culture, and diversity of the host country. Instead of viewing this as a burden, we should see it as an opportunity to show our humanity, learn from each other's experiences, and grow as a community. Let's work towards creating inclusive societies that value the contributions of all residents, regardless of their origin or status."
20,8017,DIALO_CONAN,2167,"Gay people have a tendency to rape children, they are disgusting people.","you're saying that all gays are bad, but these words are only your personal thought. What do you think about gay people?",LGBT+,,"This statement is both offensive and factually incorrect. Sexual orientation, including being gay, has no correlation with a tendency to commit illegal or harmful activities, including child abuse. It's crucial to remember that individuals commit crimes, not entire demographic groups. Labeling all gay people based on harmful stereotypes fuels prejudice and discrimination. Let's focus on promoting understanding, respect, and equality for all, regardless of sexual orientation. Everyone deserves to be treated with dignity and respect, and it's our shared responsibility to uphold these values."
21,3970,Multi_CONAN,566,Gays are dangerous: they are spreading AIDS all around the world because they are promiscuous and fornicate with strangers!,"Only questionnaires and history of sexual contact should identify a donor as safe or unsafe, not their sexual preferences.",LGBT+,,"This statement is based on harmful stereotypes and misinformation. It's important to clarify that HIV/AIDS is not exclusive to any particular group, including gay individuals. The spread of HIV/AIDS is related to specific behaviors, such as unprotected sex or sharing needles, not sexual orientation. Labeling all gay individuals as promiscuous or dangerous perpetuates harmful stereotypes and stigmatizes them. Instead of spreading misinformation, let's promote understanding, safe practices, and respect for all individuals, regardless of their sexual orientation. It's also vital to advocate for comprehensive sexual health education for everyone."
22,5405,Multi_CONAN,3338,"Gays are inherently evil, we cannot accept gays in our community.","I would not say that gays are inherently evil, you need to think carefully about what you are saying.",LGBT+,,"This statement is based on prejudice and misunderstanding. There's no inherent moral quality tied to one's sexual orientation - being gay doesn't make a person good or evil. Everyone, regardless of their sexual orientation, is capable of kindness, compassion, and positive contributions to their communities. Labeling an entire group as ""evil"" based on their sexual orientation fuels hate and division. Instead, we should strive to foster understanding, acceptance, and respect for all members of our community. Diversity, including diversity in sexual orientation, strengthens our communities and enriches our shared experiences. Let's celebrate this diversity and stand against any form of discrimination."
23,1229,Multi_CONAN,2810,Gays are perverts. The Bible teaches that homosexuals are to be despised.,What is wrong with being gay for you? I don't think it is wrong to love someone of your same sex.,LGBT+,,"This statement seems to misinterpret religious teachings and unfairly labels a group of people. It's important to remember that interpretations of religious texts can vary widely, and many religious communities embrace and affirm their LGBTQ+ members. Labeling all gay individuals as ""perverts"" is a harmful stereotype that fuels discrimination. Each individual, regardless of their sexual orientation, deserves respect and acceptance. Let's promote a spirit of understanding, love, and inclusivity, as many believe these to be the core principles of various faiths. We should strive for a society where everyone feels valued and respected for who they are."
24,6058,Multi_CONAN,3891,I wish I live in a country that does not tolerate gay people.,"Gay people do exist in this country, and we respect their right to live and love who they want. However, I do not think that yours is an appropriate moral statement for our environment.",LGBT+,,"This statement seems to reflect a lack of understanding and acceptance towards individuals who identify as gay. It's important to remember that everyone, regardless of their sexual orientation, deserves to live in a society that respects and values them. Being gay is a part of human diversity, and this diversity is what makes our societies vibrant and dynamic. Rather than wishing for exclusion, let's strive for a world where every individual feels safe, accepted, and loved for who they are. We should foster understanding, empathy, and acceptance for all, regardless of their sexual orientation. This way, we can build societies that are truly inclusive and respectful."
25,6733,DIALO_CONAN,463,"I don't like gays, I don't want to be around them. I want to watch them thrown in jail.",We should treat everyone as if they came from our same family. LGBT+ people are not different.,LGBT+,,"This statement is deeply concerning as it advocates for harm and discrimination based on sexual orientation. It's important to understand that personal dislike or discomfort should never justify harm or discrimination towards any group, including gay individuals. Everyone, regardless of their sexual orientation, has the right to live free from violence, discrimination, and persecution. Advocating for anyone to be imprisoned solely based on their identity is a severe violation of human rights. Instead of fostering hate, let's strive to cultivate understanding, empathy, and respect for all individuals. Remember, diversity enriches our society, and everyone deserves to be treated with dignity and respect."
26,2617,Multi_CONAN,2802,"Gays are not good for our country, they are just sick people. They must stop promoting this perversion.","Homosexuality is a way of loving, not a disease. To suggest that being gay is a health risk is just scaremongering.",LGBT+,,"This statement is based on harmful stereotypes and misunderstandings about sexual orientation. Being gay is not a sickness or perversion, it's a part of human diversity. Just like anyone else, individuals who identify as gay can contribute positively to their communities and countries in countless ways. It's important to foster understanding, acceptance, and respect for all individuals, regardless of their sexual orientation. Labeling and stigmatizing an entire group based on their sexual orientation fuels discrimination and division. Let's strive for a society that values diversity and treats everyone with the respect and dignity they deserve."
27,8448,DIALO_CONAN,89,"Superman is now bisexual, apparently. Why is he still called superMAN?",Bisexual men are men?,LGBT+,,"The term ""Superman"" is a character's name and not indicative of the character's sexual orientation. The term ""man"" in Superman refers to the character's gender identity, not their sexual orientation. A person, including fictional characters, can identify as a man and still be bisexual. The recent revelation of Superman's bisexuality is an example of increased representation and visibility of diverse identities in media, which is a positive step towards inclusivity. It's important to remember that everyone's identity, including their sexual orientation, should be respected and acknowledged. Let's celebrate this diversity and continue to promote understanding and acceptance for all."
28,3944,DIALO_CONAN,2484,Gay people are a burden on the health system because of their risky sexual behavior.,"I don't think that the health care system is burdened by gays. After all, what's relevant here is the practice of safe sex, which applies to all sexual orientations.",LGBT+,,"This statement is based on a stereotype and is not reflective of reality. Risky sexual behavior is not exclusive to any specific sexual orientation, including being gay. It's related to individual behaviors and choices, not one's sexual orientation. It's essential to promote safe sexual practices and comprehensive sexual health education for everyone, regardless of their sexual orientation. It's also worth noting that everyone, regardless of their behavior or identity, has the right to healthcare. Instead of blaming a specific group for healthcare burdens, let's focus on promoting health and well-being for all. This includes advocating for safe practices, accessibility, and fairness in our health systems."
29,6328,Multi_CONAN,3888,"Gay people should be isolated, confined, gagged and kept in therapy as a means of showing how tolerant we are to them.","Maybe we just have a different notion of 'tolerance'. How about letting people from any sexual orientation, race, religion, or political opinion live freely, without confining them?",LGBT+,,"This statement is deeply concerning as it advocates for harm, discrimination, and violation of human rights. Isolation, confinement, and forced therapy based on someone's sexual orientation is neither tolerant nor respectful. It's important to understand that being gay is not a disease or something that requires therapy or confinement. Tolerance and respect involve accepting and valuing individuals for who they are, including their sexual orientation. Instead of promoting harmful actions, we should advocate for a society that respects and embraces diversity. Everyone, regardless of their sexual orientation, deserves to live freely, safely, and with dignity. Let's strive for true acceptance and respect for all."
30,5824,DIALO_CONAN,678,jewish folks are good for nothing,"Jews contribute to our country, and they are great role models to us.",JEWS,,"This statement is offensive and based on harmful stereotypes. It's important to remember that individuals, regardless of their religious or ethnic background, have unique skills, talents, and contributions to offer. Jewish individuals, like any other group, have contributed significantly to various fields, including science, arts, politics, and more. Labeling an entire group as ""good for nothing"" fuels prejudice and discrimination. Instead, let's promote understanding, respect, and appreciation for the diversity of our global community. Everyone, regardless of their background, deserves to be acknowledged and respected for their individual strengths and contributions."
31,6647,Multi_CONAN,3554,Jews are selfish and greedy: they don't belong to this place.,It is up to us to make sure that people from different backgrounds can have a better quality of life. We should integrate them instead of discriminating agaist them .,JEWS,,"This statement is based on harmful stereotypes that fuel prejudice and discrimination. It's important to understand that stereotypes do not accurately represent individuals or groups. People, including those who identify as Jewish, are individuals with unique personalities, behaviors, and values. Labeling an entire group as ""selfish and greedy"" is unfair and unjust. Instead of perpetuating stereotypes, let's foster understanding, respect, and appreciation for the diversity of our community. Everyone, regardless of their religious or ethnic background, has the right to belong and to be treated with dignity and respect. Let's strive for a society that values and respects this diversity."
32,5093,Multi_CONAN,1592,"There are no Jews who have good hearts, they should abandon their religion because they are damaging to our society.",I'd like to know why you think that a person's religious preference would be harmful to society.,JEWS,,"This statement is not only offensive but also grossly inaccurate. People's moral qualities and contributions to society are not determined by their religious beliefs, including Judaism. Individuals of all faiths, including Jews, can and do make positive contributions to their communities and society as a whole. Suggesting that a group should abandon their religion based on harmful stereotypes is a violation of the fundamental right to religious freedom. Instead of fostering division, let's promote respect, understanding, and acceptance for all individuals, regardless of their faith. Diversity in beliefs and traditions enriches our society, and every person deserves to practice their religion freely and without discrimination."
33,5299,Multi_CONAN,989,"Jews are too connected to their homeland , they are not loyal to our nation.","Jews, regardless of social status, are still regarded with suspicion by many because of the historic and current nature of their connection to the land and identity. Instead of reinforcing these harmful stereotypes, we must respect and understand the Jewish identity because they are loyal to the nation they live in.",JEWS,,"This statement is based on a stereotype that inaccurately represents Jewish individuals. Loyalty to one's nation is not mutually exclusive with maintaining a connection to one's cultural or religious heritage. It's possible, and indeed common, for individuals to feel a strong attachment to their country of residence while also valuing their cultural roots. Jewish individuals, like people of any other religious or ethnic background, can and do contribute positively to the societies in which they live. Instead of casting doubt on individuals' loyalties based on their religious identity, let's foster a society that values diversity and cherishes the unique contributions of all its members."
34,28,DIALO_CONAN,1333,"Jews are a virus, a cancer on our race.","Jews are people that have been persecuted because of their religion, but is it fair to be discriminated against on the grounds of religion?",JEWS,,"This statement is deeply offensive and harmful. It's important to emphasize that such language is unacceptable and contributes to hate and discrimination. People of Jewish heritage, like those of any other religious or ethnic group, are individuals with their own unique qualities and contributions. Labeling an entire group as a ""virus"" or ""cancer"" dehumanizes them and fuels hate. Instead of spreading harmful messages, let's work towards promoting understanding, respect, and appreciation for the diversity of our global community. Everyone, regardless of their religious or ethnic background, deserves to be treated with dignity and respect. Let's strive for a society that values and respects this diversity."
35,662,DIALO_CONAN,2281,"Jews can be bribed with public money, this is called bribery.",Anybody who has tried to commit bribery knows how easy it is to get caught seeing that it is illegal. Jewish people are no exception,JEWS,,"This statement is based on a harmful stereotype and is offensive. People of all backgrounds, including those who are Jewish, are individuals with unique characteristics, behaviors, and values. It's unfair and inaccurate to label an entire group based on negative stereotypes. Bribery is an illegal activity that individuals of any background can potentially engage in, and it's important to hold individuals accountable for their actions rather than blaming an entire group. Instead of perpetuating harmful stereotypes, let's strive to promote understanding, respect, and appreciation for all individuals, regardless of their religious or ethnic background. Everyone deserves to be treated with dignity and respect."
36,1576,DIALO_CONAN,2800,Jews are the reason we have mass migration and Africans replacing the white population. They want to see our society mogrelised and for white culture to be destroyed.,"I have to say, this is a new conspiracy theory to me. Even if it were true that Jews are promoting migration, I don't see the problem in that. Diversity is a benefit to us.",JEWS,,"This statement is based on conspiracy theories and harmful stereotypes. It's important to understand that migration patterns are complex and influenced by a variety of factors, including economic conditions, conflicts, and climate change, among others. It's incorrect and misleading to blame any group, including Jewish individuals, for these complex global phenomena. Furthermore, the notion of ""replacement"" or ""destruction"" of any culture is a harmful narrative that fosters fear and division. Cultures evolve and influence each other over time, which can lead to enriching and diverse societies. Let's work towards understanding, mutual respect, and appreciation for all individuals and cultures, instead of spreading divisive narratives."
37,854,Multi_CONAN,214,Jews control the world economy,"Jews constitute only a small minority of the heads of Fortune 500 companies, how they are supposed to control the world ecomony?",JEWS,,"This statement reflects a longstanding and harmful stereotype that has been used to fuel anti-Semitism for centuries. The idea that all Jews, or Jewish people as a group, control the world economy is not only inaccurate but also feeds into dangerous conspiracy theories. It's important to remember that the global economy is influenced by a vast array of factors and actors, including millions of individuals, corporations, and governments around the world. People of Jewish heritage, like people of any other heritage, are individuals with their own unique roles in society. Let's strive to challenge and debunk such harmful stereotypes and promote understanding, respect, and appreciation for all individuals, regardless of their religious or ethnic background."
38,1815,DIALO_CONAN,1383,Jews are and should be isolated from society.,"How can you say that Jews should be isolated from society? They have been part of the community throughout history. I can't see any advantages of excluding them, rather a huge loss.",JEWS,,"This statement is deeply concerning as it advocates for exclusion and discrimination based on religious identity. Everyone, including those who identify as Jewish, has the right to participate fully in society and to be treated with respect and dignity. Advocating for anyone to be isolated solely based on their religious identity is a violation of human rights. Instead of promoting exclusion, we should strive to foster a society that values diversity and ensures that everyone, regardless of their religious or ethnic background, feels included, respected, and valued. Let's work towards understanding, acceptance, and unity, not division and isolation."
39,6422,DIALO_CONAN,172,Everywhere you turn there is a holocaust survivor. Who the hell did this man called Hitler actually kill? #holohoax,"Where did you get that idea? The reason it’s sometimes publicised when a holocaust survivor speaks about their experience is because there aren’t many of them, especially now when most survivors have passed away.",JEWS,,"This statement is disturbing and offensive. The Holocaust is a well-documented historical event in which six million Jews were systematically murdered by the Nazi regime during World War II. Denying or minimizing the Holocaust is not only factually incorrect, but it also disrespects the memory of those who were murdered and the survivors who endured such horrors. It's important to remember the lessons of the Holocaust to prevent such atrocities from happening again in the future. Let's strive to promote understanding, respect, and truth, rather than spreading harmful and false narratives."
40,8125,DIALO_CONAN,1016,Feminism is a selfish ideology: they only care about themselves.,"My definition of a feminist is a person who is against gender inequality, whether it be racial inequality, financial inequality, physical inequality, or any other aspect.",WOMEN,,"This statement misunderstands the principles and goals of feminism. Feminism is an ideology and social movement that advocates for gender equality. Its goal is not to elevate one gender above another but to ensure equal rights and opportunities for all, regardless of gender. Advocating for oneself and one's rights is not selfish; it's a necessary step towards creating a more fair and equal society. Let's strive to better understand and respect each other's perspectives and to work together to achieve equality for all."
41,5069,DIALO_CONAN,1990,You can be anything you like as long as you are not a woman.,Women are people and therefore human. They didn't choose to be oppressed and their womanhood shouldn't be ashamed. Being a man isn't inherently better.,WOMEN,,"This statement is discriminatory and devalues the contributions and potential of women. It's important to understand that one's gender does not determine one's abilities, worth, or potential. Women, like men, have the capacity and the right to pursue any career, hobby, or life path they choose. They have made significant contributions to all fields of human endeavor and continue to do so. Let's work to promote respect, equality, and empowerment for all individuals, regardless of their gender. It's not about being anything ""as long as you are not a woman,"" but rather about everyone having the freedom and opportunity to be who they are and to pursue their aspirations."
42,887,DIALO_CONAN,3013,Feminism is a anti-males ideology that denies the value of a man's manhood and aims to subvert the will of the male.,It is important to note that this is not an ideology aimed at subverting the will of men. It is aimed at promoting the equality of the sexes.,WOMEN,,"This statement misunderstands the principles of feminism. Feminism is not about devaluing men or denying the worth of manhood. Rather, it's about advocating for gender equality, ensuring that all individuals, regardless of their gender, have equal rights and opportunities. It seeks to challenge and change societal norms that limit individuals based on their gender. It's important to remember that advocating for gender equality benefits everyone by creating a more fair and balanced society. Let's strive for a better understanding of feminism and work together to promote equality and respect for all."
43,7275,DIALO_CONAN,1133,Women are an abomination because they cannot provide for their family.,"Men aren't the only bread winners because of their dedication and hard work: the same is true for women. Still there are different ways in which anyone can contribute to their family, and each one is valuable and necessary.",WOMEN,,"This statement is based on an outdated stereotype and is not reflective of reality. Women, like men, are fully capable of providing for their families, and many do so across the world. They contribute to their families and societies in numerous ways, including financially, emotionally, and socially. It's essential to challenge such stereotypes that limit and undervalue women's roles and capabilities. Let's strive to recognize and respect the diverse contributions of all individuals, regardless of their gender. Remember, it's not about one gender being superior or more capable than the other; it's about recognizing and respecting the strengths and abilities of all individuals."
44,3990,DIALO_CONAN,436,"It is okay to blame feminism. All feminists are bad. We must point out that feminism, or the attack of women against men, should be deleted.",Since when was blaming women exclusively for invoking equal rights an acceptable attitude? This makes zero sense.,WOMEN,,"This statement oversimplifies and misrepresents the goals of feminism. Feminism is not an attack on men, but an advocacy for gender equality. It seeks to ensure that all individuals, regardless of their gender, have equal rights and opportunities. Labeling all feminists as ""bad"" is unfair and inaccurate, as feminists are individuals with diverse views and approaches to achieving gender equality. Instead of blaming feminism, let's work towards understanding its principles and goals, and consider how we can contribute to creating a more equitable society. Remember, the goal is not to ""delete"" any group, but to promote respect, understanding, and equality for all."
45,6634,Multi_CONAN,4884,Women should not have rights over their bodies.,"Women are human, just like anybody else, and the rights of women should be respected.",WOMEN,,"This statement is deeply troubling. Every individual, regardless of their gender, has a fundamental right to autonomy over their own body. This includes the right to make decisions about their health, reproduction, and personal safety. Denying women these rights is a violation of their basic human rights and dignity. Instead of promoting harmful and discriminatory views, let's advocate for respect, equality, and the recognition of everyone's rights to make decisions about their own bodies. Remember, autonomy and respect for one's body are essential components of a fair, just, and humane society."
46,3881,DIALO_CONAN,2292,Because men are inherently better than women at dominating others.,"Sexism is not a genetic phenomenon, it is cultural.",WOMEN,,"This statement is based on a harmful stereotype and fails to recognize the individual abilities and potential of all people, regardless of their gender. It's important to remember that dominance is not a measure of worth or ability. Both men and women have unique skills, strengths, and abilities that they bring to their personal and professional lives. It's not about who is ""better"" at dominating, but about promoting respect, cooperation, and equality among all individuals. Let's strive to value and recognize the unique contributions of everyone, regardless of their gender, rather than promoting harmful and divisive stereotypes."
47,7510,Multi_CONAN,3487,"Women need their own special rights, as in they are weaker and need for protection.",Why should women not have the rights that men have? Women have the right to be conscious of their rights as humans and not to feel threatened.,WOMEN,,"This statement misconstrues the concept of rights and perpetuates stereotypes about women. The aim of advocating for women's rights is not because women are ""weaker"" and need protection, but because historically, women have faced systemic inequalities and discrimination. These rights seek to ensure equality and justice for all genders. It's important to understand that advocating for women's rights doesn't imply that women are inherently weaker, but rather acknowledges the existence of gender-based disparities in our society that need to be addressed. Let's strive to promote understanding and equality, rather than reinforcing stereotypes."
48,6803,DIALO_CONAN,1985,"This female is a bitch, she is a slut and she is not worth listening to.",Let's see what women have to say about this topic instead of using sexist stereotypes.,WOMEN,,"This comment is deeply disrespectful and inappropriate. It's important to treat all individuals with dignity and respect, regardless of their gender. Using derogatory language and making personal attacks is not conducive to healthy, constructive dialogue. Everyone, including women, has the right to express their views and be heard. Let's work towards promoting respect, understanding, and equality, and let's refrain from resorting to offensive language or personal attacks."
49,7258,Multi_CONAN,3286,Women are nothing but whores and we better off without them.,"Women are human beings, and we should treat them with respect.",WOMEN,,"This statement is deeply offensive, disrespectful, and untrue. Women, like men, are individuals with their own unique strengths, abilities, and contributions. They play essential roles in every aspect of life, including family, work, and society. Such derogatory language and negative attitudes towards women are harmful and unjustifiable. It's essential to treat all individuals with respect and dignity, regardless of their gender. Let's strive to promote understanding, respect, and equality, rather than spreading harmful and offensive stereotypes."
50,2480,Multi_CONAN,1464,Blacks have always inhabited this planet before we evolved and still do. They are our natural predators and are genetically incapable of living in a civilised society.,Isn't racism why there is violence in the first place?,POC,,"This statement is deeply offensive and unfounded. It's important to understand that race or ethnicity does not determine one's abilities, worth, or potential. Statements that suggest otherwise are not only scientifically inaccurate but also perpetuate harmful stereotypes and racism. People of all races and ethnicities have the capacity to contribute positively to society and to live in a civil, respectful manner. Instead of spreading harmful stereotypes, let's work towards promoting understanding, respect, and equality for all individuals, regardless of their race or ethnicity."
51,8066,Multi_CONAN,4265,"If you are a person of color, you are a nigger, you are a bastard, you are a threat to society, you should just be deported.",How can it be that people who have a different skin tone are a threat just for this reason?,POC,,"This comment is highly offensive and completely unacceptable. It's important to treat all individuals with respect and dignity, regardless of their race or ethnicity. Such derogatory language and hateful attitudes towards people of color are harmful and unjustifiable. Everyone has the right to live free from discrimination and to be valued for who they are as individuals. Let's work towards promoting understanding, respect, and equality, rather than spreading harmful and offensive stereotypes."
52,604,DIALO_CONAN,2192,Black uneducated people should shut up and work.,"Regardless of skin color, freedom of speech is a key right.",POC,,"This statement is offensive and discriminatory. Everyone, regardless of their race or level of education, has the right to express their opinions and to be heard. Education level does not define a person's value or potential, and it's wrong to silence or marginalize someone based on their educational background. Everyone has unique experiences, perspectives, and skills to contribute, and it's important to listen and learn from each other. Let's promote respect, understanding, and equality, rather than spreading harmful stereotypes and discrimination."
53,3651,DIALO_CONAN,2613,Black people are born that way: violent and insensitive.,"No one is born violent and insensitive. We are born with a unique genetic makeup, and we learn how to behave throughout our life, not at birth.",POC,,"This statement is both offensive and scientifically incorrect. Violence and insensitivity are not traits that are genetically determined by one's race or ethnicity. They are behaviors that are influenced by a multitude of factors, including upbringing, environment, and personal choices. It's harmful and misleading to stereotype an entire racial or ethnic group based on the actions of a few individuals. Let's strive to promote understanding, respect, and equality, and to challenge stereotypes and misinformation. Remember, diversity is a strength, not a threat."
54,2888,DIALO_CONAN,2127,Black people are weak and they cannot take on anything.,"Black people have the same strength as anyone else. They're simply different in their social advantages, of which they have non. We should think about this.",POC,,"This statement is offensive and unfounded. People's abilities, strengths, and potential are not determined by their race or ethnicity. It's incorrect and harmful to stereotype an entire racial or ethnic group based on unfounded beliefs. People of all races and ethnicities have achieved great things and made significant contributions to society. It's crucial to recognize and respect the abilities and contributions of all individuals, regardless of their race or ethnicity. Let's work towards promoting understanding, respect, and equality, rather than spreading harmful stereotypes."
55,3206,Multi_CONAN,1463,Niggers are rapists and drug dealers.,"Generalizing in this way, to a community, what happened to some individuals, is pointless. In the same way one could respond: black people are presidents of the United States of America.",POC,,"This comment is deeply offensive and wrong. It's important to understand that criminal behaviors are not determined by one's race or ethnicity, and it's harmful and misleading to stereotype an entire racial or ethnic group based on the actions of a few individuals. People of all races and ethnicities are capable of both good and bad actions, and it's unjust to label a whole group based on the actions of a few. Let's strive to promote understanding, respect, and equality, and to challenge stereotypes and misinformation. Remember, using racial slurs is never acceptable."
56,74,DIALO_CONAN,1663,"Everywhere you look now the media is encouraging race mixing and miscegenation. It's in our films and tv shows, in adverts. They want to mongrelise the white race and pollute our European heritage.","Yeah, I don't believe this is as pervasive as you're proposing. And anyway, why would it be a problem for people to choose a partner of a different race? It doesn't affect you.",POC,,"This statement is based on a harmful and divisive viewpoint. The portrayal of diverse relationships and ethnicities in media reflects our increasingly global and interconnected world. It's important to remember that love and relationships are not bound by race or ethnicity, and the idea of 'polluting heritage' is fundamentally flawed. Every individual has the right to form relationships with whomever they choose, regardless of their race or ethnicity. Instead of promoting division and fear, let's celebrate diversity and unity. Our strength lies in our diversity and our ability to learn from each other's experiences and cultures."
57,4925,DIALO_CONAN,1269,Blacks do more crimes than whites.,"Even if 'blacks' committed more crimes, that doesn't mean that 'blacks' were inherently worse than whites. What's the point of statistics? Scholars have found that African Americans are disproportionately represented in the arrest and victimization reports which are used to compile crime rate statistics in the United States.",POC,,"It's important to remember that crime rates are influenced by a wide range of factors, including socio-economic status, education, and location, not just race. Scholars have found that some racial and ethnic minorities, particularly African-Americans, are disproportionately represented in arrest and victimization reports, which contribute to crime rate statistics. However, this doesn't mean that one race is more inclined to crime than another. It often reflects broader societal issues like systemic bias and socio-economic disparity​1​.

Moreover, when we talk about crime, we must consider all types of crime, not just violent crime. For instance, in the United States, African-Americans are under-represented in terms of arrests for crimes like ""driving under the influence,"" ""liquor laws,"" and hate crimes.

In the end, attributing crime to race oversimplifies a complex issue and can perpetuate harmful stereotypes. It's crucial to understand the broader context and work towards addressing the root causes of crime, such as poverty, lack of education, and systemic inequality, rather than focusing on race."
58,2794,DIALO_CONAN,1210,"Every black person who wants a job should apply for it, and stop complaining about discrimination.","This statement is untrue. Some job seekers get rejected on the basis of their race. POC apply for jobs, but their civilian unemployment rate in U.S. is almost twice the rate for whites.",POC,,"While it's indeed vital for individuals to proactively seek employment, it's also important to acknowledge that systemic bias and discrimination can present significant obstacles in this process. Structural issues like discriminatory hiring practices or unequal access to education and resources can make it more challenging for some groups, including black people, to secure jobs. Recognizing this isn't about making excuses; it's about striving for a fairer society where everyone, regardless of their race or background, has equal opportunities for employment.

Additionally, speaking up about discrimination isn't complaining; it's a crucial part of advocating for change and raising awareness about these systemic issues. It's only by acknowledging and addressing these problems that we can hope to create a more equitable society. Instead of dismissing these concerns, let's engage in constructive conversations about how to eliminate discrimination and ensure fairness for everyone."
59,3849,Multi_CONAN,4268,Blacks are ar racial group that is inferior to whites and they should not mix with us.,"Blacks are not ""inferior"" to whites. There are many different people in the world, and they all share the basic human right to live as they please.",POC,,"There's a fundamental misunderstanding in your statement, and it's important to correct it. No race is inherently superior or inferior to another. Scientifically, there's a broad consensus that race is a social construct without biological basis. We're all part of the human family, sharing 99.9% of our DNA.

The idea of racial purity, of not ""mixing"" races, is rooted in outdated and harmful ideologies that have been discredited. It's essential to understand that diversity enriches us, contributing to a vibrant, dynamic society where we can learn from each other's experiences and perspectives.

Judging people based on their race rather than their individual merits, character, or actions is an unfair oversimplification. Let's focus on recognizing and appreciating our shared humanity and the unique qualities each person brings to the table."
60,4343,CONAN,247,"Islamic are criminals: they rape, enslave and murder people. Islam is more a worship than a religion and we do not have anything to share with them.","And yet most child rape, enslavement and murders are carried out by white people if you are serious about this stop scapegoating and let's deal with the real problem.",MUSLIMS,"crimes , culture , rapism","It's crucial to separate the actions of a few from the beliefs of many. Just as we wouldn't judge all followers of a religion by the actions of a small, extreme faction, it's not accurate or fair to label all followers of Islam as criminals. Islam, like any other major religion, encompasses a wide range of beliefs and practices among its followers.

The vast majority of Muslims are peaceful, law-abiding individuals who condemn violence, much like followers of other religions. Islam is a religion with deep roots in compassion, charity, and peace. The core teachings of Islam, as in other faiths, guide believers to lead moral and ethical lives.

It's important to avoid stereotyping and generalizing about any group, including Muslims. Instead, let's seek to understand and respect people's individual beliefs and experiences, promoting dialogue and unity rather than division."
61,3531,CONAN,1776,The vast majority of Muslims are unemployed and refuse to work.,"Muslims work in many diverse employment sectors, contributing to the UK's economy through their hard work and tax contributions.",MUSLIMS,economics,"It's incorrect to say that the vast majority of Muslims are unemployed and refuse to work. A Pew Research Center survey from 2016 showed that 44% of Muslim adults were employed full time and 29% were underemployed, meaning they either worked part-time but wanted full-time work or were looking for work. This percentage of underemployment, while higher than the overall U.S. average of 12%, does not support the claim that most Muslims refuse to work​1​. It's important to avoid generalizations about any group, as they can lead to stereotypes and misunderstandings."
62,2825,CONAN,45,"Only a few people were punished for yesterday violations instead of all them violent Muslims, and if the government does not deport these criminals, then the common people will take care of them.",I thought we'd stopped exporting our convicted criminals last century. Now you advocate exporting people wihtout a trial or a conviction.,MUSLIMS,crimes,"It's crucial to remember that individuals are responsible for their actions, not entire religious or ethnic groups. Labeling all Muslims as violent due to the actions of a few individuals is unjust and unproductive. Instead, we should focus on fostering a society where the rule of law prevails and everyone is held accountable for their actions, regardless of their background. Advocating for violence or vigilante justice is not the answer. Let's work towards understanding and unity, rather than division and hostility."
63,6136,CONAN,1110,Using violence to punish another person? Sounds like a muslim issue.,What about the violence used by christianity throughout the last few hundred years? Do the crusades sound like a 'muslim issue'?,MUSLIMS,culture,"It's important to correct this misconception. Violence is not a religious issue; it's a human issue. There are over 1.8 billion Muslims in the world, and the vast majority live peaceful, law-abiding lives. It's unjust to label an entire group based on the actions of a small fraction. Rather than assigning blame to a whole religion, let's address the root causes of violence, which often stem from socio-economic factors, lack of education, or mental health issues. Let's work towards promoting peace, understanding, and respect for all people."
64,693,CONAN,505,"We do not want to admit that islam isn't a religion, it is only a cult that support murder.",Has history taught you nothing about this level of hatred?,MUSLIMS,culture,"Your statement seems to be based on a common misunderstanding about Islam. Islam is one of the world's largest religions, with over 1.8 billion followers worldwide. It's a rich, diverse faith that emphasizes peace, justice, and the pursuit of knowledge. The vast majority of Muslims live peaceful, law-abiding lives. Just as in any other large group, a tiny minority might misuse its teachings, but it's not fair or accurate to judge the entire group based on their actions. It's essential to differentiate between the actions of a few individuals and the beliefs of an entire religious community. Let's focus on promoting mutual understanding and respect among all people, regardless of their faith."
65,2433,Multi_CONAN,1714,If Islam were to become a global religion it would replace Christianity.,"Are we to believe that just because something is gaining ground, it will replace whatever exists somewhere else?",MUSLIMS,,"It's important to note that each religion has its own distinct beliefs, values, and traditions. It's not a competition, but a matter of personal faith and choice. The world is diverse enough to accommodate multiple religions, and each one contributes to the rich tapestry of human experience. In a pluralistic society, different religions can coexist peacefully and even learn from each other. The focus should not be on which religion might replace another, but on promoting understanding, respect, and tolerance among all faiths. It's this diversity that makes our world a more interesting, enlightening place."
66,6973,CONAN,907,Islam is brainwashing its faithful. It is a horrible cult made of persons that reproduce continuously.,How can you use such language to describe a religion of 1.6 billion people?,MUSLIMS,culture,"It's crucial to maintain respect when talking about people's faiths. Islam, like all religions, offers spiritual guidance to its followers and is based on values such as peace, charity, and respect for others. The assertion that Islam is a ""horrible cult"" is a misinterpretation and promotes division and misunderstanding. Regarding reproduction, family size is a personal choice that varies among individuals and is influenced by cultural, economic, and personal factors. It is not exclusive to any particular religion. Let's strive for a world where we value and respect our differences, as they contribute to the diversity and richness of our global society."
67,3308,DIALO_CONAN,758,Muslims are just a bunch of child molesters,This is not true. Muslims have been and are persecuted in many non Muslim countries. They are human beings with human rights..,MUSLIMS,,"It's important to resist the temptation to stereotype entire groups based on the actions of a few individuals. Labeling all Muslims as ""child molesters"" is not only incorrect but also promotes hate and division. Child molestation is a grave crime and universally condemned, irrespective of religion or ethnicity. Islam, like every other religion, promotes moral and ethical behavior. Let's strive for a society where we judge individuals based on their actions, not their religious beliefs or cultural background."
68,4933,Multi_CONAN,4232,Islam is a religion of violence.,"Does it matter what you say, when the Quran just proves the contrary? All people are created equal, and Islam is a religion of peace.",MUSLIMS,,"It's crucial to remember that Islam, like all religions, is not monolithic and interpretations vary greatly among its adherents. It's also important to understand that the acts of a small fraction of people who identify as Muslims do not define the religion as a whole. Many teachings of Islam promote peace, respect, and kindness. Millions of Muslims around the world lead peaceful lives and make positive contributions to their communities. Let's avoid generalizations and strive to understand each other better."
69,1908,CONAN,796,People that live in the West cannot live with Muslims.,Intolerance of other peoples religious beliefs is incompatible with Western society.,MUSLIMS,culture,"It's a misconception that people from different cultures and religions cannot coexist. In many parts of the world, including the West, people of various faiths, including Muslims, live together harmoniously. Diversity often strengthens communities by introducing different perspectives and fostering mutual understanding. It's vital to remember that regardless of religious beliefs, most people share common values like respect for others, kindness, and a desire for peace. Let's celebrate our shared humanity and work towards unity and understanding."
70,673,Multi_CONAN,72,Maybe the UN could talk to those asian and african nations responsible for 90%+ of the pollution in the oceans' instead of insisting on this bullshit about climate change.,"It’s a simple line to believe that population growth in other places is the cause of climate change and ocean pollution – but really if you think about it, the poorest people aren’t the ones over-consuming resources and pumping out pollution into our oceans. It is right to be worried about our oceans, but we need to be talking about resource-consumption and wealth inequality! Question power at the top not the bottom.",other,,"Based on the information I found, it's important to clarify a couple of points in your statement.

Firstly, regarding ocean pollution, China and Indonesia are indeed the top sources of plastic bottles, bags, and other rubbish clogging up global sea lanes. In 2010, 8.8 million metric tons of mismanaged plastic waste came from China and 3.2 million metric tons from Indonesia. The United States also contributes to this issue, but at a much lower level, with 0.11 million metric tons of waterborne plastic garbage annually​1​.

Secondly, with respect to climate change, greenhouse gas emissions are a significant concern. The top three countries with the highest greenhouse gas emissions in 2019 were China, the United States, and India. China emitted 9,877 million metric tons, the United States emitted 4,745 million metric tons, and India emitted 2,310 million metric tons. These emissions primarily come from economic sectors such as electricity and heat production, agriculture, forestry, and other land use, industry, and transportation​2​.

Therefore, while certain Asian and African nations contribute significantly to ocean pollution, the responsibility for greenhouse gas emissions and the resultant climate change is shared by many countries, including prominent Western ones. It's also worth noting that while I found data on plastic pollution and greenhouse gas emissions, I wasn't able to find a comprehensive breakdown of all forms of ocean pollution by country within the time constraints.

Lastly, the crime rates among different racial and ethnic groups in the United States vary. Studies show that some racial and ethnic minorities, particularly African-Americans, are over-represented in crime rate statistics. However, it's important to note that these statistics can be influenced by a variety of factors, including socio-economic conditions, systemic biases, and disparities in enforcement and reporting​3​.

Regarding your concern about Muslim immigrants, a study from Pew Research Center showed that fewer than half of Muslim adults in the U.S. were employed full time, and about 29% were underemployed as of 2016. This is higher than the overall U.S. adult underemployment rate of 12% at that time​4​.

I hope this information helps clarify some of the points you raised. Let me know if there's anything else you'd like to know!"
71,7152,Multi_CONAN,526,"If they are nomads, they should stay nomadic.","Not recognising people's right to live as they prefer and to improve their lifestyle, such as housing or occupations, only causes an increase in crime.",other,,"Your statement seems to imply a belief that individuals or groups with a historically nomadic lifestyle should remain nomadic. This perspective might be rooted in a respect for traditional ways of life, or it might be an expression of concern about the impacts of cultural assimilation or modernization. However, it's important to consider that lifestyles, including nomadism, have always been subject to change due to various factors such as environmental shifts, economic circumstances, political pressures, or personal choices.

Nomadic peoples, like everyone else, have the right to self-determination and should be able to choose the lifestyle they want to pursue. This includes the right to settle in one place, to integrate with other societies if they choose, or to preserve their traditional ways of life. It's essential to respect individual and group decisions, recognizing that these decisions might be influenced by a complex interplay of cultural, economic, and personal factors.

Do you have a specific nomadic group or issue in mind that you would like to discuss further?"
72,3062,Multi_CONAN,4408,Muslim immigrants are a problem for us. They are mostly poor and mainly from the troubled parts of the world. They are not part of our civilisation.,"Have you ever looked at the countries of the EU? They have been inclusive towards Muslim migrants, thriving as a whole with their economic and social contribution.",other,,"It's important to approach this issue with a perspective of empathy and understanding. Migration is often driven by a multitude of factors, including economic instability, political unrest, or the search for better opportunities. Muslims, like any other group, migrate for a variety of reasons and bring with them diverse experiences and skills.

While it's true that some Muslim immigrants may come from economically disadvantaged or politically unstable regions, it is incorrect and unfair to label them as a ""problem"". Immigrants, regardless of their religious beliefs, can contribute significantly to their host countries. They bring new perspectives, enrich the cultural fabric, contribute to economic growth, and often fill critical roles in the workforce.

It's also worth noting that the notion of ""our civilization"" can be divisive. Civilizations are not monolithic entities but rather dynamic, evolving amalgamations of various cultures and societies. In a globalized world, it's more constructive to embrace diversity and seek understanding rather than draw rigid boundaries around cultural or civilizational identities.

The challenges that come with immigration are real and need to be addressed - such as integration, cultural differences, and economic pressures - but they can be managed with thoughtful policies and open dialogue. It's important to remember that at the end of the day, regardless of where we come from or what our religious beliefs are, we're all part of the human family."
73,3516,Multi_CONAN,2630,Muslims are only in it to make us explode.,"Actually, the vast majority of Muslims in the country are here to do jobs that are not performed by other people, or to provide for the needs of their families, or to start new businesses.",other,,"This statement is an unfair generalization that fosters fear and misunderstanding. It's important to remember that Islam, like any other religion, has a diverse following of over a billion people worldwide, each with their own beliefs, values, and interpretations. It is unjust to label all followers of a religion based on the actions of a small, violent minority. Extremists exist in every religion and they don't represent the beliefs of all followers.

Muslims contribute positively to societies in numerous ways. They are our neighbors, colleagues, friends, and family members who work in various sectors of society - be it healthcare, education, technology, arts, sports, and many others. They contribute to the economy, participate in community development, and play a role in the advancement of science and knowledge.

It's essential to foster understanding and dialogue, rather than resort to fear and sweeping generalizations. By engaging in respectful conversation and learning about each other's beliefs and values, we can build bridges of understanding and mutual respect. Let's focus on the shared values that unite us as human beings, such as peace, justice, and compassion."
74,209,Multi_CONAN,2627,"We cannot bring in tens of thousands of new immigrants, or bring in millions more refugees, but I think we should at least try to alleviate the migration crisis and we should not accept the ills of Islam.",Let's face it: people in need came to our shores. They are our brothers and sisters. We should be there for them.,other,,"This statement seems to be conflating the issue of immigration with the concept of Islam. Let's first address the migration crisis. It's a complex issue that involves economic, political, and humanitarian aspects. Countries indeed have the right to manage their borders and maintain security. However, they also have a responsibility to protect those fleeing from persecution, war, and extreme poverty.

Addressing this crisis requires a balanced and multi-faceted approach, which includes providing aid to countries where these refugees originate from, supporting countries that host large numbers of refugees, and working towards conflict resolution and development in troubled regions. It's not just about accepting more refugees but rather addressing the root causes that lead to forced migration.

As for Islam, it's important to remember that it is a religion followed by over a billion people worldwide with a wide range of beliefs and practices. Associating the entirety of Islam with its negative aspects is an oversimplification. Just like followers of any other religion, most Muslims are peaceful individuals who wish to live a good life, contribute to society, and practice their faith peacefully.

The key is to promote dialogue and understanding, respect cultural and religious differences, and stand against all forms of extremism, regardless of the religion or ideology it claims to represent. Let's focus on the shared human values that unite us, rather than the differences that divide us."
75,3705,Multi_CONAN,4056,We must put an end to immigration. Islam is a disease that is destroying Europe.,Immigration has been a huge part of Europe for hundreds of years without destroying it. So why should it be a problem now?,other,,"It's crucial to differentiate between the concepts of immigration and religious belief. Immigration has been a fundamental aspect of human history, contributing to the evolution of societies and cultures worldwide. It brings diverse perspectives, skills, and innovations to host countries, stimulating economic growth and cultural enrichment. However, it's also important that immigration is managed effectively to ensure social harmony and economic sustainability.

As for the statement about Islam, it's a sweeping generalization that doesn't reflect the reality of this diverse faith followed by over a billion people worldwide. Islam, like Christianity, Judaism, Hinduism, and other religions, encompasses a broad spectrum of beliefs and practices. It's vital to avoid stigmatizing a whole religion based on the actions of a small fraction of its followers who misuse the faith to justify violence or intolerance.

The key to a harmonious society lies in mutual respect, understanding, and dialogue. Stereotypes and fear often stem from a lack of knowledge. Therefore, fostering intercultural and interfaith exchanges can dispel misconceptions and promote peace. It's equally important to stand against all forms of extremism and hate speech, regardless of the religion or ideology they claim to represent. Let's focus on shared human values and work together towards a more inclusive, tolerant, and peaceful world."
76,2556,Multi_CONAN,723,Fat people are a burden to society because of their unhealthy choices.,"The real problem is that, whether or not someone has 'chosen' to be obese is often not clear-cut, and when in doubt, society tends to condemn and shame.",other,,"It's important to approach this topic with empathy and understanding. Being overweight or obese can indeed be associated with health risks, and promoting healthy lifestyles is a worthy goal. However, it's also crucial to remember that weight is influenced by many factors, including genetics, metabolism, environment, and socio-economic status, not just individual lifestyle choices.

Labeling people as a ""burden"" because of their weight is not productive or fair. It stigmatizes individuals, creates division, and does nothing to promote healthier behaviors. Instead, we should strive to create a supportive environment that makes healthy choices easier for everyone, regardless of their current weight. This includes ensuring access to nutritious food, safe places to exercise, and accurate information about health and nutrition.

Body shaming, blaming, or marginalizing people based on their size doesn't contribute to a healthier society. It only fosters negativity, self-esteem issues, and in many cases, mental health problems. Let's focus instead on empathy, understanding, and constructive actions to promote health and well-being for all."
77,4327,Multi_CONAN,1881,We cannot allow Muslims into UK because it is our country.,"Muslims make up around 4 percent of the population in the UK, and have already contributed to what we are as a nation.",other,,"The United Kingdom, like any other country, has the right to regulate immigration according to its laws and policies. However, it's important to avoid generalizations and stereotypes about any group of people, including Muslims. The vast majority of Muslims are peaceful individuals who contribute positively to their communities, and many have made significant contributions to the UK in various fields, including medicine, academia, business, and the arts.

The belief that a specific religious, ethnic, or cultural group should be excluded from a country can lead to division and discrimination. This is contrary to the principles of inclusivity, diversity, and equality that many societies, including the UK, strive to uphold.

Instead, it's more productive to focus on addressing any real issues related to immigration, such as ensuring that immigrants have the resources and support they need to integrate successfully into their new communities, or that immigration policies are fair, effective, and humane. This approach respects the rights and dignity of all individuals, regardless of their religious or cultural background."
78,4137,Multi_CONAN,515,Gypsies like living in trailer parks.,Only a very small portion lives in the trailer parks: most of them live in conventional housing. When they live in the camps it is because they do not have the possibility to have adequate housing. In the end they find themselves living in distant industrial areas that are not well connected to services. This creates a lot of social hardship as well as denial of access to basic rights such as education and health.,other,,"It's important to avoid stereotypes when discussing any group, including the Romani people, who are often referred to as ""gypsies"". While some Romani people do live in mobile homes or trailers, this is not universally true and it is not necessarily a preference. The living conditions of Romani communities are often influenced by a range of factors, including economic circumstances, local and national housing policies, and longstanding social prejudice and discrimination.

Romani people have a diverse range of lifestyles and living arrangements, just like any other group. Some live in houses or apartments in cities or towns, while others may live in rural areas or in mobile homes. The important thing is to respect their rights to choose their own lifestyles and to have equal access to safe and affordable housing, as well as to other basic human rights. Moreover, all efforts should be made to eradicate discrimination, promote social inclusion, and improve living conditions for Romani communities."
79,6670,Multi_CONAN,2034,We must stop migrants and refugees: Islam is incompatible with western society.,"Refugees and migrants are part of our society, their presence is a benefit and, by the way, they are not all Muslims. So, my question is: why not welcome people from every walk of life?",other,,"It's crucial to remember that societies are not monolithic; they are diverse, complex, and dynamic. Muslims, like any other religious or ethnic group, are not a monolith either. They have diverse beliefs, practices, cultures, and backgrounds. Therefore, it is misleading and incorrect to label Islam as a whole as ""incompatible"" with Western society.

Many Muslims have lived in and contributed to Western societies for generations, in various capacities such as scientists, doctors, teachers, entrepreneurs, artists, and public servants. Their contributions have enriched these societies in innumerable ways.

Moreover, the core values of Islam, such as respect for knowledge, justice, compassion, and community service, are not incompatible with the values of Western societies. It's important to remember that the actions of a small minority should not be used to judge an entire community or faith.

In terms of refugees and migrants, it's a human right to seek safety and better opportunities. Many Western societies were built on immigration and have thrived because of the diversity and dynamism that immigrants bring. Rather than rejecting people based on their religion, it is more constructive and humane to foster dialogue, understanding, and integration. This involves challenging stereotypes, addressing misconceptions, and promoting mutual respect and coexistence."
