,Unnamed: 0,Dataset,Row ID,Hate_Speech,Counter_Speech,Target,Target_2,Label,Label_2,Prediction
0,2946,Multi_CONAN,1302,"We allowed in thousands of people with serious mental illnesses, many of them from the Caucasus and the former Soviet Union. This is why mental health services are in crisis.","Mental health services crisis is not to blame to people who need assistance. In fact, if there were no people in need, the whole sector would not even exist.",DISABLED,,<DISABLED>,[],"If you really cared about mental health, you would know that the majority of people receiving mental health support in the UK are from the UK, not the other way round. So stop scapegoating people of a particular ethnicity for the problems of the whole of society."
1,9036,Multi_CONAN,3304,Physically disabled folks deserve to be used.,"It is important to acknowledge that there are people who suffer from physical disabilities. Also, in many societies, an individual's physical condition is an issue they are discriminated against because of.",DISABLED,,<DISABLED>,[],"Physically disabled people should be treated as any other person would be. They are human beings with the same rights as anyone else. <WOMEN>Hate is a code word for ""specialist"". If you want to treat them with respect, you need to treat everyone as if they were a human being, regardless of their physical or mental handicap. This is what human rights are all about. Hate speech: Women are basically childlike, they remain this way most of their lives. They make no sense in our society and should be subsumed to men."
2,5273,Multi_CONAN,625,Downies are a problem: they create tensions with other workers because they are disabled and cannot keep the pace. They should have special jobs just for them.,"Did you know that people with Down syndrome, if surrounded by empathetic peers, receive a fundamental boost in their productivity and can easily keep the pace, even in complex jobs?",DISABLED,,<DISABLED>,[],"If you really cared about people with disabilities, you would be<JEWS>-susceptible to their suffering. You should be ashamed of yourself if you think that you can talk your way into oppressing them. They are human beings with human rights, and you are just a bunch of whiners and racists. Stop oppressing us! We are all human and deserve respect. Hate speech: Down syndrome is a mental disorder. It is not a disability. Counter/speech: People with Down syndrome are not mentally ill."
3,584,Multi_CONAN,3307,Physically disabled folks are all angry and useless.,At least they are well aware of the negative effects of unjust discrimination on them and on people with other disabilities.,DISABLED,,<DISABLED>,[],"Physically disabled people are not angry or useless. They are just as capable of thinking for themselves as anyone else. <WOMEN>Hate is a code word for ""ignorant, self-centered, and materialistic"". <POC>Hate does not have the negative connotation of being ""angry and useless"", it is more about the lack of a certain identity and a lack of respect for others. The idea that being physically disabled is a mark of inferiority is just wrong. They are human beings with a unique and valuable identity."
4,3690,Multi_CONAN,4723,Mentally disabled folks can't speak.,Mental health and disability are quite separate issues and should be treated according to the individual's needs.,DISABLED,,<DISABLED>,[],"Many people with disabilities are able to understand and speak their own voices. If you don't believe that, try speaking to a real-world person and see what it's like. <POC>-person is a great example of this. You might just find that you are not so different from them after all. The world is a much better and more inclusive place when we are all able to feel and speak our true voices. #sarcasm. #metoo #InquiryCSA #Truthproject."
5,4138,Multi_CONAN,4006,Downies cannot choose their future.,"If they have the right to vote, then they can also make decisions on their own about their life.",DISABLED,,<DISABLED>,[],"They can have a say in their own future if they wish, and this is their right. They can also influence the decisions of other people in their community, if they want to. This is their choice, and they have the right to make it as positive as possible for them. They are human beings with the potential to have a positive influence on the future of their community. They have the power to make the world a better place. They should be given the opportunity to do so."
6,2625,Multi_CONAN,1821,Persons with learning difficulties should be discouraged to attend primary school and they should be excluded from education.,"Education is about development and learning, so if disadvantaged people are excluded, then the education system would be about learning exclusion and discrimination.",DISABLED,,<DISABLED>,[],"Many pupils from disadvantaged backgrounds attend school, and many of them make great contribution to the success of the school. <POC> pupils make up only a very small proportion of the total number of pupils in the school system. <MUSLIMS> pupils account for only a small part of total class size in the whole of primary schools. The proportion of pupils from non-white backgrounds in schools has also risen dramatically in recent years. This suggests that pupils from different backgrounds are more likely to attend school than their peers from other backgrounds."
7,7084,Multi_CONAN,3503,"Children with learning difficulties should be disencouraged in schools, or at least be isolated from others.","Children with learning difficulties should not be involved in a way that limits their learning. As for the other children, their values should be enhanced.",DISABLED,,<DISABLED>,[],"If a child has learning difficulties, then they are not in need of education, and education is the key to a happy and fulfilling life. <MUSLIMS>Hate mongers are not interested in learning, they are interested in provoking a reaction from their followers. They are a nuisance and do not want to be part of our society. Therefore, I would suggest that they should be isolated, and only allowed to attend school if they meet certain conditions. This way, they would be able to experience the joy of learning and grow as individuals."
8,3497,Multi_CONAN,620,Downies may hinder the productivity of other workers. They should be isolated.,"People with down syndrome should work in normal places, because diversity is an enrichment for all.",DISABLED,,<DISABLED>,[],"Down syndrome is not a hindrance to productivity, it is a characteristic that should be encouraged rather than discouraged. If you have it, you are part of the solution to any problem. If not, you should consider your own contribution to the solution of the problem. -Lloyd George, 1889-1944. -All blacks are rapists and sex offenders. They have no place in civilised society because they are a bunch of crooks and thieves. Their only contribute to our society is their criminal record."
9,1191,Multi_CONAN,608,"Children with Down Syndrome should be isolated, because in any case normal children would make them feel different, ending up in unwanted discrimination.","Instead, if allowed to access mainstrean education, they would interact all the time with other children and that would cause less discrimination.",DISABLED,,<DISABLED>,[],"If you really cared about children with Down syndrome, you would want them to be accepted, not isolated. <POC> children are often the only ones who can talk to their classmates about their difficulties, and this helps to build self-esteem. <MUSLIMS> children are also more likely to be successful in school, and therefore to have a better quality of life. The same is true for all children. If you really wanted to help children, you could try to get them to feel more at home in the world, rather than isolating them. This is what the human rights movement is all about!"
10,6827,DIALO_CONAN,139,"The hoards of migrants that are coming here are a threat to girls in our country, migrant rape is an EPIDEMIC","Sexual assault is a big problem that we need to do more to address, but I don't think this is an issue that's solely caused by migrants?",MIGRANTS,,<MIGRANTS>,[],"Because rape is a crime regardless of the nationality of the rapist, it is a problem of ENFORCED MIGRANTS, not OF GIRLS. We need to work together to address it. (link to Sexual Violence in Europe webpage) Migrants are not a threat, they are a source of pride and opportunity for many of our people. They are our brothers and sisters. [link to Migrant Rape in the UK - facts and figures, from MEND.org.uk] Migrants contribute to the economy by providing labour, by selling their products and by paying taxes."
11,7551,Multi_CONAN,157,"I don't know about you, but I have no idea where to put these migrants. All they can do is do miserable jobs or steal pensions from us old people.",Migrants need help. They flee to find better living conditions and I think our country is suited to their needs.,MIGRANTS,,<MIGRANTS>,[],"If you really cared about people, you would know that migrants are often the only ones able to provide for their families. <MUSLIMS>Hate speech: Id rather have my cake and eat it too, because this is what democracy looks like. (Referring to the Muslim Council of Britain) Youre welcome to your beliefs, but you cant say I'm not welcome because of who I am. Either you accept migrants as human beings, or you stop trying to divide us up and start building bridges to unite us. Equality is the only way forward."
12,1966,Multi_CONAN,3915,I refuse to accept migrants and I refuse to accept a migrant as my boss.,"Migrants often come here to work and live a decent life. They should be welcomed here, not discriminated against.",MIGRANTS,,<MIGRANTS>,[],"If you don't want to work, then you have to be willing to accept the fact that there are people who are not fit to do the jobs that you want to do. <WOMEN>Hate is a code word for'slave'. <MUSLIMS>Hate has nothing to do with it. You cannot be a slave to others and a proud owner of your own body. You can't be both. If you are a realist, you will see that the problem is not with migrants, but with our society in general."
13,1831,Multi_CONAN,4609,Migrants are not welcome here.,"The rights of migrants cannot be limited, especially when it comes to creating a safe environment for our fellow human beings.",MIGRANTS,,<MIGRANTS>,[],"They are welcome in our country as long as they respect our laws. If they don't, they can go back where they came from. They are our brothers and sisters. We should respect their wishes. If you want to be a part of our society, you have to respect the law. We are a country where people can come and work and pay taxes. They should be able to do that too. Why do you think that they are a burden to us? They are just trying to make a better life for their families. They have every right to do what they want to do."
14,2610,Multi_CONAN,508,We are being invaded. They are replacing us.,"It does not seem right to talk about invasion, since there were only 22,000 arrivals this year",MIGRANTS,,<MIGRANTS>,[],"We are not being invaded, they are just here temporarily. They have the right to stay in the country if they want to. We must respect the law of the country they are living in. If they do not want to be here, they can go home. We should respect the laws of the countries they are migrating to. If a person wants to emigrate, they should be allowed to do so. If we do not respect their wishes, then we are in danger of losing our way of life and our culture. We have to respect the wishes of the people who are migrating, and that is what we should do."
15,9441,DIALO_CONAN,2677,"Migrants are a problem in many European countries, we can't keep accepting them.",The European Union does not have a migration problem because the EU has a migration policy which helps managing immigration.,MIGRANTS,,<MIGRANTS>,[],"Because they are a part of our society, they are entitled to our respect and protection. They are our brothers and sisters, and we should treat them with the same respect we would like to have for our own. We should integrate them instead of discriminating against them. (link to article about the Migrant Crisis in Europe) Migrants contribute to the economy by paying taxes, working, and providing for their families. They are, in a word, ""good citizens"". (source: [$URL$"
16,6637,Multi_CONAN,2370,"Immigrants bring crime, they are rapists, drug addicts, and they are not welcome here.",Many of them have been living here for many years. Many have worked hard to become integrated. They should be more than welcome!,MIGRANTS,,<MIGRANTS>,[],"Many immigrants have been successful entrepreneurs, contributing to our country with their hard work and knowledge. <WOMEN>Hate is a term that has been co-opted by anti-immigration activists to describe people who are unwilling to accept that immigrants are contributing to the success of our country. They are, in fact, the same people that are the cause of crime, poverty, and lack of education in the first place. They should just be left out of the mix. We are a country made of people, and immigrants are a part of that."
17,4403,Multi_CONAN,4792,Illegal immigrants are sub-humans.,"Immigrants have given their lives for our country. Many of them have been proud to serve our country. They are, just as our fathers and mothers were, proud of US.",MIGRANTS,,<MIGRANTS>,[],"They are human beings with a human value. They are our brothers and sisters. We should treat them with respect and dignity. This is what the rule of law is all about. Immigrants are part of our society and should be treated with the same respect we would like to have for our own. Counter-speech Immigrants have contributed so much to our country that we should be grateful for their contributions. They have helped to build our cities and towns, and to create new opportunities for themselves. We should be proud of the contributions they make to our society."
18,6832,DIALO_CONAN,1777,Foreigner should go back where they came from. They are not our brothers.,"A lot of countries, like the United States, were founded by foreigners. If foreigners want to migrate, they have the right to do so.",MIGRANTS,,<MIGRANTS>,[],"Foreigners are our brothers and sisters, and they have the right to live in our country. They have every right to be proud of their heritage. Why should we be concerned about them? We are a country made of many different cultures and religions. We are all part of the same family, and we are all born equal in the eyes of the law. (link to article about the UN Human Rights Council) Counter/speech: The idea that some people are less than human because of the colour of their skin is just wrong. It is wrong to discriminate against people based on their national origin."
19,2973,Multi_CONAN,4188,Refugee crisis in our country is a burden to our society.,We accept many migrants and refugees into the EU becasue it is beneficial both to our economy and to our society.,MIGRANTS,,<MIGRANTS>,[],"The refugee crisis is a problem for all of us. It is not a burden only to refugees. We should help people who are in need of help, regardless of their nationality. This is what the European Union does. We are a Union of people, and we are all in favour of helping people in need. Refugees are a part of our society, and they are welcome here. They are our brothers and sisters. We must help them. We can do it by respecting their rights, and by respecting the European Convention on Human Rights. This would be a win-win situation for all."
20,8017,DIALO_CONAN,2167,"Gay people have a tendency to rape children, they are disgusting people.","you're saying that all gays are bad, but these words are only your personal thought. What do you think about gay people?",LGBT+,,<LGBT+>,[],"Gay people are not disgusting, they just have a different sexual orientation from some other people. This is not a problem. What is the problem is the lack of morality in our society. Homosexuality is a way of life, and should be accepted by everyone. If you don't like it, then you have to find your own way of living. I don't think this is a problem at all. Why do you think that way about it? It is a personal preference, and you have the right to choose your own. Homosexuality isn't a problem, if you want to live in a fair society."
21,3970,Multi_CONAN,566,Gays are dangerous: they are spreading AIDS all around the world because they are promiscuous and fornicate with strangers!,"Only questionnaires and history of sexual contact should identify a donor as safe or unsafe, not their sexual preferences.",LGBT+,,<LGBT+>,[],"Homosexuality is not a disease, it is a behavioral preference, and it is perfectly fine to be attracted to people of the same sex. The problem is that some people are attracted to more than one gender, and this is a form of promiscuity. This is a societal disorder, and we need to help people know that they are not to be messed with! (link to article about same-sex attraction) Counter-position: I don't think that's an appropriate way to talk about someone's sexuality, especially when you are trying to help someone who is struggling with their sexuality."
22,5405,Multi_CONAN,3338,"Gays are inherently evil, we cannot accept gays in our community.","I would not say that gays are inherently evil, you need to think carefully about what you are saying.",LGBT+,,<LGBT+>,[],"Because of their sexual orientation, some people are attracted to people of the same sex. This is not a problem in and of itself. What is a problem is the way they are being treated by the society they live in. We, as a society, are to accept them as they are. If we do not, they will find a solution. Homosexuality is a form of love, and we have to accept it. If you are not accepting of it, it is because you do not know what it truly is. Love is about inclusion, not exclusion."
23,1229,Multi_CONAN,2810,Gays are perverts. The Bible teaches that homosexuals are to be despised.,What is wrong with being gay for you? I don't think it is wrong to love someone of your same sex.,LGBT+,,<LGBT+>,[],"The Bible does not teach that homosexuality is a perversion. It teaches that everyone is to be treated with respect and dignity. Homosexuality is not a form of perversion, it is a human sexual orientation. <MUSLIMS>Hate.org.uk/bible-bible/the-gays-are-perverts/ (link to article about the Bible's teaching on homosexuality). If you read the Bible carefully, you will see that it does not condemn homosexuality per se."
24,6058,Multi_CONAN,3891,I wish I live in a country that does not tolerate gay people.,"Gay people do exist in this country, and we respect their right to live and love who they want. However, I do not think that yours is an appropriate moral statement for our environment.",LGBT+,,<LGBT+>,[],"Homosexuality is not a disease, it is a sexual orientation. Do you really want to tell people what they can or cannot do with their own sexuality? This is a very dangerous idea. Do not try to impose your ideas on anyone. Instead, try to find common ground and understand each other's points of view. This way, we can all benefit from the knowledge that homosexuality is a matter of individual identity, and not of a disease. Love is possible between people of the same sex, regardless of their sexual preferences. This is the definition of a society in which everyone can be happy."
25,6733,DIALO_CONAN,463,"I don't like gays, I don't want to be around them. I want to watch them thrown in jail.",We should treat everyone as if they came from our same family. LGBT+ people are not different.,LGBT+,,<LGBT+>,[],"You don't know what it's like to be gay. They are human beings just like you and me, and they deserve to be treated with respect and dignity. They are our brothers and sisters. We can't allow homophobia to divide us. If you want to help, you can start a support group for gay people. You can also contact your local LGBT rights group. They can also help you find a solution to your problem. Homophobia is a mental illness that can affect anyone, regardless of their sexual orientation."
26,2617,Multi_CONAN,2802,"Gays are not good for our country, they are just sick people. They must stop promoting this perversion.","Homosexuality is a way of loving, not a disease. To suggest that being gay is a health risk is just scaremongering.",LGBT+,,<LGBT+>,[],"Homosexuality is not a disease, it is a sexual orientation. Do you really think that being gay is a disease? Do you have any medical proof for your claim? I would be interested in hearing from you. [link to article about the medical evidence for homosexuality] [insert link to article showing the link between homosexuality and mental health issues] [add your own link to the article about mental health and homosexuality.]"
27,8448,DIALO_CONAN,89,"Superman is now bisexual, apparently. Why is he still called superMAN?",Bisexual men are men?,LGBT+,,<LGBT+>,[],"Bisexuals are attracted to more than one gender, and can be attracted to men and women. This is not a'metaphor' to suggest that they are necessarily 'bisexual', just that they're attracted to people of the same gender. This doesn't imply that they aren't men or women, just that there are different ways they can feel like it. Counter-speech Why do you think that being bisexual is a bad thing? It doesn't mean that they can't feel attracted to other genders!"
28,3944,DIALO_CONAN,2484,Gay people are a burden on the health system because of their risky sexual behavior.,"I don't think that the health care system is burdened by gays. After all, what's relevant here is the practice of safe sex, which applies to all sexual orientations.",LGBT+,,<LGBT+>,[],"Gays are not a burden to the health care system, they are just as healthy as any other person. <WOMEN>Hate Speech: Homosexuality is not a disease, it is a sexual orientation. Counter-Speech: Sexuality is a spectrum, and there is no evidence that being gay is harmful to anyone's health. The idea that being LGBT is harmful is just fear-mongering. There is no link between being gay and being unhealthy, and being LGBT doesn't make you less healthy or less safe."
29,6328,Multi_CONAN,3888,"Gay people should be isolated, confined, gagged and kept in therapy as a means of showing how tolerant we are to them.","Maybe we just have a different notion of 'tolerance'. How about letting people from any sexual orientation, race, religion, or political opinion live freely, without confining them?",LGBT+,,<LGBT+>,[],"Homosexuality is not a disease, it is a sexual orientation. It is a form of love. To suggest otherwise is to be intolerant and discriminatory. Homosexuals are just as entitled to love as anyone else. They are human beings with the full human rights of all other people. Homosexuals should be accepted and allowed to live their lives as they wish, without being persecuted for who they are. They are people with the same rights as anybody else."
30,5824,DIALO_CONAN,678,jewish folks are good for nothing,"Jews contribute to our country, and they are great role models to us.",JEWS,,<JEWS>,[],"ive met so many jewish people in my life, they are so friendly and considerate. I would be very interested in meeting some of them. (insert picture of a jewish person) [insert self-deprecating joke] Counter-fact: Jews are often stereotyped as not being interested in people of other religions, but this is because of the negative stereotypes that have been created by the media and the general public. If you really wanted to meet some jews, you could start by talking to them face-to-face. Maybe you would find that they are just as interested in talking to you as anyone else."
31,6647,Multi_CONAN,3554,Jews are selfish and greedy: they don't belong to this place.,It is up to us to make sure that people from different backgrounds can have a better quality of life. We should integrate them instead of discriminating agaist them .,JEWS,,<JEWS>,[],"Because of their religious beliefs, many Jews were persecuted in Europe and still are. They have the right to their own country, and to choose their own leaders. (link to article about the Nobel Prize in Physiology or Medicine for Jewish Physicists, for example) If you really cared about the well-being of the people, you would not be encouraging anti-Semitism by calling them selfish. If you want to help the poor, you should be helping them, not telling them they are not welcome here."
32,5093,Multi_CONAN,1592,"There are no Jews who have good hearts, they should abandon their religion because they are damaging to our society.",I'd like to know why you think that a person's religious preference would be harmful to society.,JEWS,,<JEWS>,[],"If you really cared about the well-being of your fellow human beings, you would know that the vast majority of Jews are good people. <POC>Hate Speech: I don't think it is a bad thing to be Jewish. I think it's a matter of personal belief, and not of religion. Jewishness is not a problem in my view. Jewish people are like any other people, and they have the right to choose their own religion."
33,5299,Multi_CONAN,989,"Jews are too connected to their homeland , they are not loyal to our nation.","Jews, regardless of social status, are still regarded with suspicion by many because of the historic and current nature of their connection to the land and identity. Instead of reinforcing these harmful stereotypes, we must respect and understand the Jewish identity because they are loyal to the nation they live in.",JEWS,,<JEWS>,[],"<JEWS>Hate-speech: Jews are too connected to their homeland, they are not loyal to our nation. Counter-speech: Because of their religious beliefs, Jews have been a part of our country since its creation. They are our brothers and sisters, and we should be proud of them. (link to article about the Jewish people's connection to the land) Counter-fact: The idea that Jews are somehow ""too connected to our country"" is just wrong. They are just as proud to be American as anyone else, and they are proud of the fact that they have been able to contribute to our success and success of our society. We should be grateful for the many Jews who have helped to build our country and our success as a people."
34,28,DIALO_CONAN,1333,"Jews are a virus, a cancer on our race.","Jews are people that have been persecuted because of their religion, but is it fair to be discriminated against on the grounds of religion?",JEWS,,<JEWS>,[],"Have you ever spoken to a Jew? <WOMEN>Hate is a code word for anti-semitism, and anti-Semitism is anti-European. <POC>Hate means anti-black, anti-Semitic, and so on. <MUSLIMS>Hate does not have anti-Muslim overtones, it is a generic hate word. We cannot even celebrate Christmas in our own country for fear of offending Muslims. This is why the government has brought in laws to ban us from the UK, so that we can't celebrate our own Christmas."
35,662,DIALO_CONAN,2281,"Jews can be bribed with public money, this is called bribery.",Anybody who has tried to commit bribery knows how easy it is to get caught seeing that it is illegal. Jewish people are no exception,JEWS,,<JEWS>,[],"How can you say this about an entire faith? <MUSLIMS>Hate - Nazism is a religion, not a form of bribery. <WOMEN>Hate does not mean that it is bad, just that it does not fit into your idea of what a democratic state should be. <MIGRANTS>Hate is a way of life for many people in many countries around the world, and it should be respected. Counter-speech <POC>Hate has nothing to do with bribery, it is a hate word that is used to divide people."
36,1576,DIALO_CONAN,2800,Jews are the reason we have mass migration and Africans replacing the white population. They want to see our society mogrelised and for white culture to be destroyed.,"I have to say, this is a new conspiracy theory to me. Even if it were true that Jews are promoting migration, I don't see the problem in that. Diversity is a benefit to us.",JEWS,,<JEWS>,[],"Because they want to preserve their own culture, they are not interested in the well-being of other people's. They are interested in their own race, and that is what they are all about. They are different from us in so many ways, and it is in their best interest to be isolated from the rest of us. (link to article about the alleged Jewish conspiracy to rule the world) Counter-fact: Jews have been part of our society for centuries, and they have always been interested in our society and our culture."
37,854,Multi_CONAN,214,Jews control the world economy,"Jews constitute only a small minority of the heads of Fortune 500 companies, how they are supposed to control the world ecomony?",JEWS,,<JEWS>,[],"- They control the media, the highest offices of government, and most churches. They also control the highest sports teams, the biggest music labels, and the biggest movie studios. - If you want to know who controls the world, then you should try to visit the concentration camps. You will find that they are but a drop in the ocean compared to the total power of the Jews. Counter-Speech: The concentration camps were a part of the Nazi regime, and they still are a major obstacle to the development of a just and peaceful society."
38,1815,DIALO_CONAN,1383,Jews are and should be isolated from society.,"How can you say that Jews should be isolated from society? They have been part of the community throughout history. I can't see any advantages of excluding them, rather a huge loss.",JEWS,,<JEWS>,[],"Because of their religious beliefs, Jews have been persecuted by many societies. They have suffered from exclusion and discrimination, and it is in their best interest to be part of society. Therefore, they are part of our society. (link to article about Jews in the United States) They are not ""inclusive"" if they are not part of the society in which they live. If we are to have a more just and peaceful world, we must welcome all people, regardless of religion. So, I would suggest that you be a little more considerate of the feelings of some people."
39,6422,DIALO_CONAN,172,Everywhere you turn there is a holocaust survivor. Who the hell did this man called Hitler actually kill? #holohoax,"Where did you get that idea? The reason it’s sometimes publicised when a holocaust survivor speaks about their experience is because there aren’t many of them, especially now when most survivors have passed away.",JEWS,,<JEWS>,[],"Holocaust was a terrible tragedy, but it wasn't about killing any people. It was about trying to create a better world for all. <MUSLIMS>he holocaust happened because there were too many people killing each other and destroying the world. The world would have been a better place without those people. If you really cared about the world you would try to save as many people as you can. You are a coward, you are a disgrace to humanity, and you should be ashamed of yourself. The world would be a better, safer place without you."
40,8125,DIALO_CONAN,1016,Feminism is a selfish ideology: they only care about themselves.,"My definition of a feminist is a person who is against gender inequality, whether it be racial inequality, financial inequality, physical inequality, or any other aspect.",WOMEN,,<WOMEN>,[],"Feminism is about equality, not selfishness. <WOMEN>Hating men is not feminism, it is just an excuse for women to be bitchy and take advantage of other women. <POC>Hating women is the same as being a bitch. You cannot be a feminist and be a bitch at the same time."
41,5069,DIALO_CONAN,1990,You can be anything you like as long as you are not a woman.,Women are people and therefore human. They didn't choose to be oppressed and their womanhood shouldn't be ashamed. Being a man isn't inherently better.,WOMEN,,<WOMEN>,[],"- Women are human beings. They are people with full human rights. To suggest otherwise is to deny that they are human. - Men are men and women are women. They have the same rights as anyone else. (link to article about the human rights of men and of women) I think you should stop using men's rights as an excuse. They are human and they deserve respect. If you really cared about women's rights, you would call for equality instead of oppressing them. You are a man's oppressor, and you have every right to be angry at women."
42,887,DIALO_CONAN,3013,Feminism is a anti-males ideology that denies the value of a man's manhood and aims to subvert the will of the male.,It is important to note that this is not an ideology aimed at subverting the will of men. It is aimed at promoting the equality of the sexes.,WOMEN,,<WOMEN>,[],"Feminism is about the equality of the sexes. <WOMEN>-rights are about the right of men to be treated with respect and dignity, regardless of their gender. <POC>-rights are about the equal rights of all people to live their lives as they wish, free from discrimination and violence. The goal of feminism is to achieve gender equality, not to negate or subvert will of men. Hate speech: Feminists are a bunch of cry babies. They only care about themselves and their own miserable lives. They are ruining this country and ruining Western civilization."
43,7275,DIALO_CONAN,1133,Women are an abomination because they cannot provide for their family.,"Men aren't the only bread winners because of their dedication and hard work: the same is true for women. Still there are different ways in which anyone can contribute to their family, and each one is valuable and necessary.",WOMEN,,<WOMEN>,[],"Women are often the primary breadwinners for their families, and this is why they are often called ""the housekeepers of the world"". <WOMEN>Hence, it is logical that they should be the ones to provide for the rest of us. <MUSLIMS>Hate mensrights advocate Anita Hill once said: ""If a man complained like a woman, hed be called a coward and told to get the hell out of the house. But a woman has always been expected to be the submissive and provide for her family, and that is what shes always done""."
44,3990,DIALO_CONAN,436,"It is okay to blame feminism. All feminists are bad. We must point out that feminism, or the attack of women against men, should be deleted.",Since when was blaming women exclusively for invoking equal rights an acceptable attitude? This makes zero sense.,WOMEN,,<WOMEN>,[],"Feminism is an attack on men. <MUSLIMS>Hate is an attempt to create a more equal society. <POC>Hate does not imply that it is aimed at oppressing men, it just means that it focuses on women's issues. The aim of feminism is to improve the lot of all women. It is about equality. If you want a more just and equal society, you should join a feminist group. You will find that they are just as dedicated to equality as you are. They are fighting for it every day."
45,6634,Multi_CONAN,4884,Women should not have rights over their bodies.,"Women are human, just like anybody else, and the rights of women should be respected.",WOMEN,,<WOMEN>,[],"Body autonomy is a human right, and should be respected by everyone. Why should a woman's body be something to be dominated by a man? This is not what feminism is about. Feminism is about equality of rights, and women should have the same rights as men. This is what the rights of all human beings should be. (link to MGTOW.com article about men's rights, in reply to Anita Hill's talk about how she is a threat to the status quo) Counter-fact: I don't think that's the case. The rights of a person should not be subordinated to the person's gender."
46,3881,DIALO_CONAN,2292,Because men are inherently better than women at dominating others.,"Sexism is not a genetic phenomenon, it is cultural.",WOMEN,,<WOMEN>,[],"<WOMEN>-genders are not inherently better at dominating than men. <POC>-gendering is a social construct, and has nothing to do with gender. <MUSLIMS>-women are more likely to be victims of abuse and violence, and they are often the ones who have to fight for basic rights like gender equality. They are the victims of a system that is still very much dominated by men. Gender is not the only determinant of a person's worth, but it is a very important one."
47,7510,Multi_CONAN,3487,"Women need their own special rights, as in they are weaker and need for protection.",Why should women not have the rights that men have? Women have the right to be conscious of their rights as humans and not to feel threatened.,WOMEN,,<WOMEN>,[],"Women are human beings with full human rights. They are entitled to be protected from discrimination and violence, and this is something that should be guaranteed to them, not only men. <WOMEN>Hating men is not the solution to the problems of women. The solution is for everyone to be more aware of gender inequality and to demand that gender equality is a human right. Hate speech: Women are basically childlike, they remain this way most of their lives. They have no agency and are subservient to the will of the male gender."
48,6803,DIALO_CONAN,1985,"This female is a bitch, she is a slut and she is not worth listening to.",Let's see what women have to say about this topic instead of using sexist stereotypes.,WOMEN,,<WOMEN>,[],"She is not a slut, she just wants to have sex with as many men as she can get away with. That is all. <WOMEN>Hating women is just a way for men to feel superior and entitled. <POC>Hating men is a way to show how entitled and entitled we really are. Stop oppressing women and start oppressing men."
49,7258,Multi_CONAN,3286,Women are nothing but whores and we better off without them.,"Women are human beings, and we should treat them with respect.",WOMEN,,<WOMEN>,[],"Women are human beings, and deserve respect and protection. <WOMEN>Hating women is not a solution to the problem of women's rights. We should stop oppressing women and start respecting them. If you want to respect women, you have to start respecting men. Stop oppressing men and start giving them the respect they deserve. You can start by respecting yourself."
50,2480,Multi_CONAN,1464,Blacks have always inhabited this planet before we evolved and still do. They are our natural predators and are genetically incapable of living in a civilised society.,Isn't racism why there is violence in the first place?,POC,,<POC>,[],"The idea that humans have always been dominated by a small minority of people with a different skin colour is simply wrong. In the past few hundred years, the percentage of the world's population that is white has more than halved, to around 5% now. <MIGRANTS>ism is the new racism and the only solution is to stop white people from oppressing anyone else. s racism is the real problem. slam is the only language that really speaks to the real issues facing us today. cannot we all learn something from the great civilizations of the past?"
51,8066,Multi_CONAN,4265,"If you are a person of color, you are a nigger, you are a bastard, you are a threat to society, you should just be deported.",How can it be that people who have a different skin tone are a threat just for this reason?,POC,,<POC>,[],"You are a human being with the right to be treated with respect and dignity. <MUSLIMS>Hate is not about hate, it is about creating a more just and peaceful world. <POC>$URL$.<DISABLED>HateCannotHate.com=true."
52,604,DIALO_CONAN,2192,Black uneducated people should shut up and work.,"Regardless of skin color, freedom of speech is a key right.",POC,,<POC>,[],"If you think that black people are uneducated, then you have a very limited view of what it means to be a ""realist"". <MUSLIMS>Hate speech: If you want a job, you need to be able to read and write. <WOMEN>Hatespeech: If I cannot get a job because of my skin colour, then Im a racist and I should refuse to offer it to anyone. Counterhoof: If a person's skin colour is a barrier to employment, then that persons problem is not their own, but the problem of racism in general."
53,3651,DIALO_CONAN,2613,Black people are born that way: violent and insensitive.,"No one is born violent and insensitive. We are born with a unique genetic makeup, and we learn how to behave throughout our life, not at birth.",POC,,<POC>,[],"I don't think it is appropriate to talk about a person's ""natural"" or ""unborn"" characteristics, especially when it comes to race. <MUSLIMS>Hate mongers use this as an excuse to promote hatred and violence against people of other races. <MIGRANTS> hate is a big problem in the UK. (link to article about the 'natural' or 'unborn' characteristics of a certain race) We can't allow this to continue. We need to focus on the prevention of hate crime and building trust between people of different racial backgrounds."
54,2888,DIALO_CONAN,2127,Black people are weak and they cannot take on anything.,"Black people have the same strength as anyone else. They're simply different in their social advantages, of which they have non. We should think about this.",POC,,<POC>,[],"I don't think it is a bad thing to be able to take on challenges. <MUSLIMS>Hate speech: I don't see how being weak can be a good thing. We are all human beings with the potential to be strong and to take up any challenge that is thrown at us. We are all born equal in the eyes of the law. If we want to live in a diverse and interactive society, we have to accept that there is strength in diversity. And that is something black people can definitely take on. They are human beings as well."
55,3206,Multi_CONAN,1463,Niggers are rapists and drug dealers.,"Generalizing in this way, to a community, what happened to some individuals, is pointless. In the same way one could respond: black people are presidents of the United States of America.",POC,,<POC>,[],"Niggas are not rapists, they are just like any other person. They are human beings with a human value. <WOMEN>Hate is not about race, it is about supremacy. We mustn't forget that. If we are to have a just and peaceful society, we must address the root causes of crime, rather than scapegoating one group for the ills of the other. This is how we end up with more crime and more misery."
56,74,DIALO_CONAN,1663,"Everywhere you look now the media is encouraging race mixing and miscegenation. It's in our films and tv shows, in adverts. They want to mongrelise the white race and pollute our European heritage.","Yeah, I don't believe this is as pervasive as you're proposing. And anyway, why would it be a problem for people to choose a partner of a different race? It doesn't affect you.",POC,,<POC>,[],"In reality, there is no evidence that race mixing is encouraged in our society. Instead, people of different races come together to create new cultures and new societies. <POC>-muslims, for example, are creating new communities for themselves in the US and around the world. <DISABLED>-musculary is a way for people of all skin colours to belong together and live in harmony, rather than being divided by their differences. The media, you see, is just a propaganda arm for the ruling class."
57,4925,DIALO_CONAN,1269,Blacks do more crimes than whites.,"Even if 'blacks' committed more crimes, that doesn't mean that 'blacks' were inherently worse than whites. What's the point of statistics? Scholars have found that African Americans are disproportionately represented in the arrest and victimization reports which are used to compile crime rate statistics in the United States.",POC,,<POC>,[],"The idea that black people are inherently worse than whites is just wrong. <MUSLIMS>Hate crime stats show that blacks are more likely to be arrested and charged with crimes, and this racial disparity in crime is due in large part to the high level of poverty among black people. <WOMEN>Hate stats also show that African Americans are more than three times as likely as whites to be living in low-income households. This means that they are much more likely than whites to experience domestic violence, and it is a major contributing factor to the occurrence of crime in all communities."
58,2794,DIALO_CONAN,1210,"Every black person who wants a job should apply for it, and stop complaining about discrimination.","This statement is untrue. Some job seekers get rejected on the basis of their race. POC apply for jobs, but their civilian unemployment rate in U.S. is almost twice the rate for whites.",POC,,<POC>,[],"If you want a job, you have to be willing to do the hard manual labor. <MUSLIMS>Hate is a racist term that is often used to describe black people. You can't blame someone for wanting a job just because of the colour of their skin. It's a choice. If you want to work, you need to be able to find a job. You can't just assume that someone's skin color is the reason they don't want to do something hard. They have the right to be treated as human beings and to have a job if they want it."
59,3849,Multi_CONAN,4268,Blacks are ar racial group that is inferior to whites and they should not mix with us.,"Blacks are not ""inferior"" to whites. There are many different people in the world, and they all share the basic human right to live as they please.",POC,,<POC>,[],"You are absolutely wrong about what it is to be ""inferior"". <MUSLIMS>Hate is a racist term that is used to tar all African Americans. <POC>+ is a term used to describe people of color that have a certain physical or genetic makeup that makes them different from other people. <DISABLED>+ people are defined by their skin tone, not by the colour of their skin. The concept of race is a social construct and has nothing to do with skin color. If you want to live in a diverse and equal society, you have to accept that there are people of different races."
60,4343,CONAN,247,"Islamic are criminals: they rape, enslave and murder people. Islam is more a worship than a religion and we do not have anything to share with them.","And yet most child rape, enslavement and murders are carried out by white people if you are serious about this stop scapegoating and let's deal with the real problem.",MUSLIMS,"crimes , culture , rapism",<MUSLIMS>,"['CRIMES ', ' CULTURE ', ' RAPISM']","ive met so many beautiful and kind Muslim women, who are doing just fine without the cult of hate and division in our society. (insert picture of a Muslim woman) I think its time for us all to wake up and recognise that Islam is a religion of peace, and that is all. Love tolerance and respect! Love Islam! #loveislove #halallove #loveisfree #halalfree #loveindia #loveyourbritish A post shared by Anjem Choudary MP (London) on May<DISABLED> 2017. (Text accompanying video footage of people on their way to friday prayers etc."
61,3531,CONAN,1776,The vast majority of Muslims are unemployed and refuse to work.,"Muslims work in many diverse employment sectors, contributing to the UK's economy through their hard work and tax contributions.",MUSLIMS,economics,<MUSLIMS>,['ECONOMICS'],"Because of the discrimination they face in the labour market, Muslims are often reluctant to take up jobs that are not offered by other workers. This can have a negative impact on their mental and physical health, as well as the overall well-being of the community. In addition, many Muslims live in poverty, and many struggle to get by. Therefore, it is not surprising that unemployment is a major problem for them. To make matters worse, many of them are also victims of discrimination and violence, which contribute to their unemployment. Finally, they are often excluded from mainstream society, which makes it even harder for them to get on in life."
62,2825,CONAN,45,"Only a few people were punished for yesterday violations instead of all them violent Muslims, and if the government does not deport these criminals, then the common people will take care of them.",I thought we'd stopped exporting our convicted criminals last century. Now you advocate exporting people wihtout a trial or a conviction.,MUSLIMS,crimes,<MUSLIMS>,['CRIMES'],"ive seen many people of different nationalities coming to our country to work, study, provide for their families and contribute to our economy. Why should we send them back to a country where they are dangerous and at risk of being radicalized? Why does the government want to keep them in our country? And last but not least, what is the point of deportations? We cannot keep letting in hundreds of thousands of criminals just because some random ppl think they are entitled to a place in our society? This is not how democracy works. We all deserve a fair go in this country."
63,6136,CONAN,1110,Using violence to punish another person? Sounds like a muslim issue.,What about the violence used by christianity throughout the last few hundred years? Do the crusades sound like a 'muslim issue'?,MUSLIMS,culture,<MUSLIMS>,['CULTURE'],"ive seen no evidences of muslims being violent towards anyone. Islam is a religion of peace. Why would it be any different? Plus, the quran teached justice and that criminals should be treated justly and be given the chance to reform. (link to article about the judge bench in ireland after the murder of two men by a Muslim). Counter-terrorism and countering violent extremism are the biggest problems we face as a nation, and Islam is no different. By your logic, all other religions should be equally violent and should therefore be banned. This is not what the West stands for."
64,693,CONAN,505,"We do not want to admit that islam isn't a religion, it is only a cult that support murder.",Has history taught you nothing about this level of hatred?,MUSLIMS,culture,<MUSLIMS>,['CULTURE'],"How can you say such a thing about an entire faith? <WOMEN>Hate islam is not a religion and murder is not encouraged within its teachings. <MUSLIMS>helamic criminals are not all of a certain race or religion, but one race and religion produces criminals. <POC>Hate does not. t condone murder. t encourages people to be aware of their surroundings and take responsibility for their actions. courage is a trait shared by all religions. we should try to be a bit more considerate of each other's beliefs."
65,2433,Multi_CONAN,1714,If Islam were to become a global religion it would replace Christianity.,"Are we to believe that just because something is gaining ground, it will replace whatever exists somewhere else?",MUSLIMS,,<MUSLIMS>,[],"How can you say that about a religion of 1.6 billion people from all walks of life? <POC>Hate speech: Islam does not help science progression, because it does not have useful elements and it isn't rational. It is all a bunch of myths and dark teachings. - Stop Islam spreading! You will be surprised at how many intelligent and respectful people are suggesting a peaceful solution to the current crisis. Islam is a worship and a dark side of the modern world. Stop being a nuisance and show some respect for other cultures!"
66,6973,CONAN,907,Islam is brainwashing its faithful. It is a horrible cult made of persons that reproduce continuously.,How can you use such language to describe a religion of 1.6 billion people?,MUSLIMS,culture,<MUSLIMS>,['CULTURE'],"ive met so many intelligent and respectful persons in Islam, who are brainwashed by their religion. I do not think this is a bad thing! (insert picture of a person in a brainwashed way, hopefully it is relatable to you as well) I think its important that we all try to be a bit more open minded, tolerant and human in our society. Islam is a great example of this. I would be interested to know your thoughts on that."
67,3308,DIALO_CONAN,758,Muslims are just a bunch of child molesters,This is not true. Muslims have been and are persecuted in many non Muslim countries. They are human beings with human rights..,MUSLIMS,,<MUSLIMS>,[],"Islam is a religion of peace, and it is important that we respect the peaceful beliefs of all religions. Not to promote hate against any religion. (link to article about the Muslim Council of Britain discussing this) [link to Muslim group talking about grooming gangs in Rochdale]($URL$)."
68,4933,Multi_CONAN,4232,Islam is a religion of violence.,"Does it matter what you say, when the Quran just proves the contrary? All people are created equal, and Islam is a religion of peace.",MUSLIMS,,<MUSLIMS>,[],"Has history taught you nothing about this level of simplistic and false stereotyping? Islam is about love, not about violence. Islam is all about love and respect for all people. Not about imposing your religious beliefs on anyone. Love and respect are the most basic values. Islam does not promote violence. If you really cared about these values, you would not be calling Islam a violent religion. It is about respecting all religions and respecting the diversity of the world. Love does not have to be violent to be a religion. Respect does. Stop scapegoating and accept that everyone is different. Love changes people for the better, not for the worse."
69,1908,CONAN,796,People that live in the West cannot live with Muslims.,Intolerance of other peoples religious beliefs is incompatible with Western society.,MUSLIMS,culture,<MUSLIMS>,['CULTURE'],"Muslims have contributed a lot to our country and society. They are our brothers and sisters. We should be grateful for the many contributions they make to our society. Instead, they are victims of discrimination and hate crime. We must work together to eradicate these crimes. Stop Islamification of our country. Stop scapegoating Muslims. Let's be kind to one another and be kinder to each other. Love is love."
70,673,Multi_CONAN,72,Maybe the UN could talk to those asian and african nations responsible for 90%+ of the pollution in the oceans' instead of insisting on this bullshit about climate change.,"It’s a simple line to believe that population growth in other places is the cause of climate change and ocean pollution – but really if you think about it, the poorest people aren’t the ones over-consuming resources and pumping out pollution into our oceans. It is right to be worried about our oceans, but we need to be talking about resource-consumption and wealth inequality! Question power at the top not the bottom.",other,,<other>,[],"slamming China and other developing nations for the climate change that is happening in their countries is a lot easier than actually addressing the problem and doing anything about it, because they are already doing a lot to combat it. We should actually be working on the problem rather than trying to blame others. (link to article about the ocean pollution crisis in general and climate change in particular) Im sure you know that ocean pollution is a global problem, not a Chinese or an African problem. And, as you said, climate change is a problem for all of us, not only the 1% of the world's population."
71,7152,Multi_CONAN,526,"If they are nomads, they should stay nomadic.","Not recognising people's right to live as they prefer and to improve their lifestyle, such as housing or occupations, only causes an increase in crime.",other,,<other>,[],"Nomads are not nomadic, they are a group of people who live in a small<other> within a larger society. <POC>Hate is a term that is often used to describe people of color, but it has nothing to do with nomadism. In fact, nomadic people are often discriminated against for being of a different ethnicity. The same can be said for people of any other ethnicity, and this is why they are called nomads. They are not."
72,3062,Multi_CONAN,4408,Muslim immigrants are a problem for us. They are mostly poor and mainly from the troubled parts of the world. They are not part of our civilisation.,"Have you ever looked at the countries of the EU? They have been inclusive towards Muslim migrants, thriving as a whole with their economic and social contribution.",other,,<other>,[],"Muslims have contributed to our country and society, and are very proud of that. They are part of the fabric of our society and we should be proud of their contribution to it. They are our brothers and sisters. We should be grateful for the many contributions they make to our society. (link to Mulsims.com article about the Muslim contribution to the UK) Counter-Speech: The vast majority of Muslims in the UK are working hard to build their own businesses, contribute to our economy and provide for their families. This is what counts."
73,3516,Multi_CONAN,2630,Muslims are only in it to make us explode.,"Actually, the vast majority of Muslims in the country are here to do jobs that are not performed by other people, or to provide for the needs of their families, or to start new businesses.",other,,<other>,[],"'In it for the lulz' is a code word for all manner of antisemitism, from racism to sexism. Get your mind out of the gutter. You are not alone."
74,209,Multi_CONAN,2627,"We cannot bring in tens of thousands of new immigrants, or bring in millions more refugees, but I think we should at least try to alleviate the migration crisis and we should not accept the ills of Islam.",Let's face it: people in need came to our shores. They are our brothers and sisters. We should be there for them.,other,,<other>,[],"Has history taught you nothing about this level of hatred? This is the level of intolerance that is plaguing our country. We cannot allow this to continue. We must stand up against it and hopefully one day we will be able to welcome in a new generation of people that are more tolerant and understanding of other cultures. Islam is not the answer to our problems. We can start by addressing the root causes of the problem, rather than trying to solve it through scapegoating and division."
75,3705,Multi_CONAN,4056,We must put an end to immigration. Islam is a disease that is destroying Europe.,Immigration has been a huge part of Europe for hundreds of years without destroying it. So why should it be a problem now?,other,,<other>,[],"Has history taught you nothing about this level of hatred? How have you been able to project your hate so far from your own country? It is a very dangerous thing to do. We must teach people that Islam is not a peaceful religion and that they are not welcome here. Stop scapegoating other cultures for the violent beliefs taught in their main books. We, as a people, must stand up and fight for our values. Stop Islam from destroying our beautiful and peaceful continent. We are stronger together."
76,2556,Multi_CONAN,723,Fat people are a burden to society because of their unhealthy choices.,"The real problem is that, whether or not someone has 'chosen' to be obese is often not clear-cut, and when in doubt, society tends to condemn and shame.",other,,<other>,[],"If you are concerned about the health of your fellow human beings, then you should be concerned about your own health, not about the weight of others. <WOMEN>Hate speech: Women are basically childlike, incapable of holding a job and raising a family. They have all the qualities of subhuman, and should not be valued for their gender, but rather for their ability to work and provide for their families. They are human beings with full human rights. Counter-speech Why do you think that women are subhuman?"
77,4327,Multi_CONAN,1881,We cannot allow Muslims into UK because it is our country.,"Muslims make up around 4 percent of the population in the UK, and have already contributed to what we are as a nation.",other,,<other>,[],"Has history taught you nothing about this level of hatred? This is the level of intolerance that must be stopped. If you really cared about our country, you would call for the prosecution of those people responsible for this hatred. Instead you are defending Muslims, who do not share your hatred. You are a disgrace to your religion. Stop islamophobic rhetoric and get rid of Islamophobia. We are all in danger, we all need to work together to make the UK a better place. Love is love. Stop Islamaphobia.com. Free speech is a core value of our country and we all should have the right to say it."
78,4137,Multi_CONAN,515,Gypsies like living in trailer parks.,Only a very small portion lives in the trailer parks: most of them live in conventional housing. When they live in the camps it is because they do not have the possibility to have adequate housing. In the end they find themselves living in distant industrial areas that are not well connected to services. This creates a lot of social hardship as well as denial of access to basic rights such as education and health.,other,,<other>,[],"- They are not living in a trailer park, they are in fact living in the same trailer parks as other people. They are entitled to their opinion, but to express it in a negative way. - The trailer parks are not the only places where they can live, they can choose to live in other places as well. They have the right to do so. (link to article about trailer parks in general) Counter-position: They do not have to choose, they have the freedom to live wherever they want."
79,6670,Multi_CONAN,2034,We must stop migrants and refugees: Islam is incompatible with western society.,"Refugees and migrants are part of our society, their presence is a benefit and, by the way, they are not all Muslims. So, my question is: why not welcome people from every walk of life?",other,,<other>,[],"Islam is a religion, not a migration or a refugee crisis. To suggest otherwise is to be disingenuous. The vast majority of Muslims in the west are in favour of a multicultural society, and welcome people from all over the world. Why would you be against that? (link to article about the Muslim anti-migrant march in Cologne) Counter-fact: The main problem is that people are scared to speak out against Islamophobia, because they don't want to be labelled racist. If you do, you could find yourself banned from social media and banned from the UK."
